24,5,6,24,3,0,20,1,90,24.0,90.0,3.75,24.0,1.0,5.0,0.208,81.63,90.167,85.323,3.401,3.757,81.63,90.167,3.555,85.323,1,0,1,0,0,0,0,0,0,0,0,0,0,0,0,0,0,0,0,0.042,0.0,0.042,0.0,0.0,0.0,0.0,0.0,0.0,0.0,0.0,0.0,0.0,0.0,0.0,0.0,0.0,0.0,0.0,1.0,0.0,1.0,0.0,0.0,0.0,0.0,0.0,0.0,0.0,0.0,0.0,0.0,0.0,0.0,0.0,0.0,0.0,0.0,0.857,0,0,0,1.0,1.0,0,1.0,0,0,1.0,0,0.667,0,0,0.5,0,2.268,0,0,0,1.0,1.0,0,2.449,0,0,1.0,0,1.633,0,0,0.707,0,1.604,0,0,0,0.707,0.707,0,1.732,0,0,0.707,0,1.155,0,0,0.5,0,0.833,4.082,2.887,0.943,49.223,0.833,4.082,2.887,0.943,49.223,7,0,0,0,1,1,0,6,0,0,1,0,6,0,0,2,0,6,0,0,0,1,1,0,6,0,0,1,0,4,0,0,1,0,0.292,0.0,0.0,0.0,0.042,0.042,0.0,0.25,0.0,0.0,0.042,0.0,0.25,0.0,0.0,0.083,0.0,7.0,0.0,0.0,0.0,1.0,1.0,0.0,6.0,0.0,0.0,1.0,0.0,6.0,0.0,0.0,2.0,0.0,97.875,5.57,14.6,0.0,5.017,8.233,0.08,0.1,0.137
10,3,2,11,1,0,10,1,42,10.0,42.0,4.2,11.0,1.1,3.0,0.3,41.7,28.222,36.943,4.17,2.822,41.7,28.222,3.694,36.943,0,0,0,0,0,0,0,0,0,0,0,0,0,0,0,0,0,0,0,0.0,0.0,0.0,0.0,0.0,0.0,0.0,0.0,0.0,0.0,0.0,0.0,0.0,0.0,0.0,0.0,0.0,0.0,0.0,0.0,0.0,0.0,0.0,0.0,0.0,0.0,0.0,0.0,0.0,0.0,0.0,0.0,0.0,0.0,0.0,0.0,0.0,0.0,1.0,1.0,0,1.0,0,0,0,1.0,0,0,0,0,1.0,0,0,0,0,1.414,1.414,0,1.0,0,0,0,1.732,0,0,0,0,1.414,0,0,0,0,1.0,1.0,0,0.707,0,0,0,1.225,0,0,0,0,1.0,0,0,0,0,1.0,3.162,2.236,1.0,0,1.0,3.162,2.236,1.0,0,2,2,0,1,0,0,0,3,0,0,0,0,2,0,0,0,0,2,2,0,1,0,0,0,3,0,0,0,0,2,0,0,0,0,0.2,0.2,0.0,0.1,0.0,0.0,0.0,0.3,0.0,0.0,0.0,0.0,0.2,0.0,0.0,0.0,0.0,2.0,2.0,0.0,1.0,0.0,0.0,0.0,3.0,0.0,0.0,0.0,0.0,2.0,0.0,0.0,0.0,0.0,103.625,1.29,8.0,0.0,5.936,3.352,0.033,0.042,0.057
23,8,3,29,4,0,19,1,104,23.0,104.0,4.522,29.0,1.261,8.0,0.348,62.8,51.711,91.635,2.73,2.248,62.8,51.711,3.984,91.635,4,1,1,0,2,0,0,0,0,0,0,0,0,0,0,0,0,0,0,0.174,0.043,0.043,0.0,0.087,0.0,0.0,0.0,0.0,0.0,0.0,0.0,0.0,0.0,0.0,0.0,0.0,0.0,0.0,4.0,1.0,1.0,0.0,2.0,0.0,0.0,0.0,0.0,0.0,0.0,0.0,0.0,0.0,0.0,0.0,0.0,0.0,0.0,1.0,1.0,0,0,1.0,0.5,0,1.0,0,0,0,0.875,0.667,0,0,1.0,0,1.0,1.732,0,0,1.0,1.0,0,1.414,0,0,0,2.475,1.155,0,0,1.0,0,0.707,1.225,0,0,0.707,0.707,0,1.0,0,0,0,1.75,0.816,0,0,0.707,0,0.826,3.962,2.801,0.939,45.378,0.826,3.962,2.801,0.939,45.378,1,3,0,0,1,4,0,2,0,0,0,8,3,0,0,1,0,1,3,0,0,1,2,0,2,0,0,0,7,2,0,0,1,0,0.043,0.13,0.0,0.0,0.043,0.174,0.0,0.087,0.0,0.0,0.0,0.348,0.13,0.0,0.0,0.043,0.0,1.0,3.0,0.0,0.0,1.0,4.0,0.0,2.0,0.0,0.0,0.0,8.0,3.0,0.0,0.0,1.0,0.0,76.82,8.258,16.157,0.0,9.501,11.367,0.077,0.096,0.131
12,5,1,20,4,0,12,1,54,12.0,54.0,4.5,20.0,1.667,5.0,0.417,48.07,36.833,50.889,4.006,3.069,48.07,36.833,4.241,50.889,1,1,0,0,0,0,0,0,0,0,0,0,0,0,0,0,0,0,0,0.083,0.083,0.0,0.0,0.0,0.0,0.0,0.0,0.0,0.0,0.0,0.0,0.0,0.0,0.0,0.0,0.0,0.0,0.0,1.0,1.0,0.0,0.0,0.0,0.0,0.0,0.0,0.0,0.0,0.0,0.0,0.0,0.0,0.0,0.0,0.0,0.0,0.0,1.0,1.0,0,0,1.0,0,0,1.0,0,0,1.0,1.0,1.0,0,0,1.0,0,1.0,1.732,0,0,1.0,0,0,1.414,0,0,1.0,1.0,1.0,0,0,1.414,0,0.707,1.225,0,0,0.707,0,0,1.0,0,0,0.707,0.707,0.707,0,0,1.0,0,1.0,3.464,2.449,1.0,0,1.0,3.464,2.449,1.0,0,1,3,0,0,1,0,0,2,0,0,1,1,1,0,0,2,0,1,3,0,0,1,0,0,2,0,0,1,1,1,0,0,2,0,0.083,0.25,0.0,0.0,0.083,0.0,0.0,0.167,0.0,0.0,0.083,0.083,0.083,0.0,0.0,0.167,0.0,1.0,3.0,0.0,0.0,1.0,0.0,0.0,2.0,0.0,0.0,1.0,1.0,1.0,0.0,0.0,2.0,0.0,53.655,8.757,18.133,0.0,8.193,5.765,0.04,0.05,0.069
11,4,1,17,2,1,11,1,54,11.0,54.0,4.909,17.0,1.545,4.0,0.364,54.38,41.4,54.775,4.944,3.764,54.38,41.4,4.98,54.775,0,0,0,0,0,0,0,0,0,0,0,0,0,0,0,0,0,0,0,0.0,0.0,0.0,0.0,0.0,0.0,0.0,0.0,0.0,0.0,0.0,0.0,0.0,0.0,0.0,0.0,0.0,0.0,0.0,0.0,0.0,0.0,0.0,0.0,0.0,0.0,0.0,0.0,0.0,0.0,0.0,0.0,0.0,0.0,0.0,0.0,0.0,0.0,1.0,1.0,1.0,0,1.0,0,0,1.0,0,0,1.0,0,1.0,0,0,1.0,0,1.0,1.0,1.0,0,1.0,0,0,1.732,0,0,1.414,0,1.0,0,0,1.0,0,0.707,0.707,0.707,0,0.707,0,0,1.225,0,0,1.0,0,0.707,0,0,0.707,0,1.0,3.317,2.345,1.0,0,1.0,3.317,2.345,1.0,0,1,1,1,0,1,0,0,3,0,0,2,0,1,0,0,1,0,1,1,1,0,1,0,0,3,0,0,2,0,1,0,0,1,0,0.091,0.091,0.091,0.0,0.091,0.0,0.0,0.273,0.0,0.0,0.182,0.0,0.091,0.0,0.0,0.091,0.0,1.0,1.0,1.0,0.0,1.0,0.0,0.0,3.0,0.0,0.0,2.0,0.0,1.0,0.0,0.0,1.0,0.0,64.925,6.936,11.673,5.713,10.375,7.192,0.037,0.046,0.063
28,14,3,29,1,0,24,1,109,28.0,109.0,3.893,29.0,1.036,14.0,0.5,110.89,95.375,143.564,3.96,3.406,110.89,95.375,5.127,143.564,2,0,0,0,0,1,0,0,0,0,0,0,1,0,0,0,0,0,0,0.071,0.0,0.0,0.0,0.0,0.036,0.0,0.0,0.0,0.0,0.0,0.0,0.036,0.0,0.0,0.0,0.0,0.0,0.0,2.0,0.0,0.0,0.0,0.0,1.0,0.0,0.0,0.0,0.0,0.0,0.0,1.0,0.0,0.0,0.0,0.0,0.0,0.0,1.0,1.0,1.0,1.0,0,0.5,0,1.0,1.0,1.0,0.333,1.0,0.667,1.0,0,1.0,0,1.414,1.414,1.0,1.414,0,0.707,0,2.0,1.0,1.0,0.577,1.0,1.155,1.414,0,2.0,0,1.0,1.0,0.707,1.0,0,0.5,0,1.414,0.707,0.707,0.408,0.707,0.816,1.0,0,1.414,0,0.857,4.536,3.207,0.954,65.52,0.857,4.536,3.207,0.954,65.52,2,2,1,2,0,2,0,4,1,1,3,1,3,2,0,4,0,2,2,1,2,0,1,0,4,1,1,1,1,2,2,0,4,0,0.071,0.071,0.036,0.071,0.0,0.071,0.0,0.143,0.036,0.036,0.107,0.036,0.107,0.071,0.0,0.143,0.0,2.0,2.0,1.0,2.0,0.0,2.0,0.0,4.0,1.0,1.0,3.0,1.0,3.0,2.0,0.0,4.0,0.0,90.794,7.551,12.629,0.0,6.033,10.905,0.093,0.117,0.16
26,13,3,29,2,0,21,1,97,26.0,97.0,3.731,29.0,1.115,13.0,0.5,89.11,65.752,119.101,3.427,2.529,89.11,65.752,4.581,119.101,3,0,0,0,2,1,0,0,0,0,0,0,0,0,0,0,0,0,0,0.115,0.0,0.0,0.0,0.077,0.038,0.0,0.0,0.0,0.0,0.0,0.0,0.0,0.0,0.0,0.0,0.0,0.0,0.0,3.0,0.0,0.0,0.0,2.0,1.0,0.0,0.0,0.0,0.0,0.0,0.0,0.0,0.0,0.0,0.0,0.0,0.0,0.0,0,1.0,0,0.5,1.0,0.5,0,1.0,0,1.0,0.667,1.0,0.667,0.5,0,1.0,0,0,1.414,0,0.707,1.0,0.707,0,1.732,0,1.0,1.155,2.236,1.155,0.707,0,1.414,0,0,1.0,0,0.5,0.707,0.5,0,1.225,0,0.707,0.816,1.581,0.816,0.5,0,1.0,0,0.808,4.118,2.912,0.934,43.4,0.808,4.118,2.912,0.934,43.4,0,2,0,2,1,2,0,3,0,1,3,5,3,2,0,2,0,0,2,0,1,1,1,0,3,0,1,2,5,2,1,0,2,0,0.0,0.077,0.0,0.077,0.038,0.077,0.0,0.115,0.0,0.038,0.115,0.192,0.115,0.077,0.0,0.077,0.0,0.0,2.0,0.0,2.0,1.0,2.0,0.0,3.0,0.0,1.0,3.0,5.0,3.0,2.0,0.0,2.0,0.0,86.083,7.712,13.477,0.0,4.998,9.142,0.087,0.108,0.149
30,10,5,41,4,1,27,1,131,30.0,131.0,4.367,41.0,1.367,10.0,0.333,118.34,90.625,116.04,3.945,3.021,118.34,90.625,3.868,116.04,1,1,0,0,0,0,0,0,0,0,0,0,0,0,0,0,0,0,0,0.033,0.033,0.0,0.0,0.0,0.0,0.0,0.0,0.0,0.0,0.0,0.0,0.0,0.0,0.0,0.0,0.0,0.0,0.0,1.0,1.0,0.0,0.0,0.0,0.0,0.0,0.0,0.0,0.0,0.0,0.0,0.0,0.0,0.0,0.0,0.0,0.0,0.0,0,1.0,1.0,0,0.5,1.0,0,1.0,0,0,0.5,1.0,0.8,1.0,0,1.0,0,0,1.0,1.732,0,0.707,1.0,0,2.828,0,0,0.707,1.0,1.789,1.414,0,2.236,0,0,0.707,1.225,0,0.5,0.707,0,2.0,0,0,0.5,0.707,1.265,1.0,0,1.581,0,0.9,4.93,3.486,0.969,103.099,0.9,4.93,3.486,0.969,103.099,0,1,3,0,2,1,0,8,0,0,2,1,5,2,0,5,0,0,1,3,0,1,1,0,8,0,0,1,1,4,2,0,5,0,0.0,0.033,0.1,0.0,0.067,0.033,0.0,0.267,0.0,0.0,0.067,0.033,0.167,0.067,0.0,0.167,0.0,0.0,1.0,3.0,0.0,2.0,1.0,0.0,8.0,0.0,0.0,2.0,1.0,5.0,2.0,0.0,5.0,0.0,60.765,12.237,17.333,5.713,8.889,14.137,0.1,0.125,0.171
20,10,2,26,2,0,19,1,83,20.0,83.0,4.15,26.0,1.3,10.0,0.5,90.76,73.081,88.73,4.538,3.654,90.76,73.081,4.437,88.73,2,1,0,0,0,0,0,0,0,0,0,0,0,0,0,0,0,0,1,0.1,0.05,0.0,0.0,0.0,0.0,0.0,0.0,0.0,0.0,0.0,0.0,0.0,0.0,0.0,0.0,0.0,0.0,0.05,2.0,1.0,0.0,0.0,0.0,0.0,0.0,0.0,0.0,0.0,0.0,0.0,0.0,0.0,0.0,0.0,0.0,0.0,1.0,1.0,1.0,1.0,0,0,0,0,1.0,1.0,0,0.75,1.0,1.0,0,0,1.0,0,1.0,2.0,1.0,0,0,0,0,2.0,1.0,0,1.5,1.0,1.414,0,0,1.414,0,0.707,1.414,0.707,0,0,0,0,1.414,0.707,0,1.061,0.707,1.0,0,0,1.0,0,0.95,4.249,3.004,0.983,169.023,0.95,4.249,3.004,0.983,169.023,1,4,1,0,0,0,0,4,1,0,4,1,2,0,0,2,0,1,4,1,0,0,0,0,4,1,0,3,1,2,0,0,2,0,0.05,0.2,0.05,0.0,0.0,0.0,0.0,0.2,0.05,0.0,0.2,0.05,0.1,0.0,0.0,0.1,0.0,1.0,4.0,1.0,0.0,0.0,0.0,0.0,4.0,1.0,0.0,4.0,1.0,2.0,0.0,0.0,2.0,0.0,76.555,7.55,12.0,0.0,7.122,8.117,0.067,0.083,0.114
19,5,3,23,2,0,19,1,79,19.0,79.0,4.158,23.0,1.211,5.0,0.263,41.01,26.167,67.538,2.158,1.377,41.01,26.167,3.555,67.538,2,1,0,0,1,0,0,0,0,0,0,0,0,0,0,0,0,0,0,0.105,0.053,0.0,0.0,0.053,0.0,0.0,0.0,0.0,0.0,0.0,0.0,0.0,0.0,0.0,0.0,0.0,0.0,0.0,2.0,1.0,0.0,0.0,1.0,0.0,0.0,0.0,0.0,0.0,0.0,0.0,0.0,0.0,0.0,0.0,0.0,0.0,0.0,1.0,1.0,0,1.0,1.0,1.0,0,1.0,0,0,1.0,1.0,1.0,0,0,0,0,1.0,1.0,0,1.0,1.0,1.0,0,2.0,0,0,1.0,2.449,1.732,0,0,0,0,0.707,0.707,0,0.707,0.707,0.707,0,1.414,0,0,0.707,1.732,1.225,0,0,0,0,1.0,4.359,3.082,1.0,0,1.0,4.359,3.082,1.0,0,1,1,0,1,1,1,0,4,0,0,1,6,3,0,0,0,0,1,1,0,1,1,1,0,4,0,0,1,6,3,0,0,0,0,0.053,0.053,0.0,0.053,0.053,0.053,0.0,0.211,0.0,0.0,0.053,0.316,0.158,0.0,0.0,0.0,0.0,1.0,1.0,0.0,1.0,1.0,1.0,0.0,4.0,0.0,0.0,1.0,6.0,3.0,0.0,0.0,0.0,0.0,85.139,6.104,11.811,0.0,7.091,7.654,0.063,0.079,0.109
37,15,6,45,5,0,34,1,164,37.0,164.0,4.432,45.0,1.216,15.0,0.405,141.93,120.556,145.549,3.836,3.258,141.93,120.556,3.934,145.549,3,0,1,0,1,0,0,0,0,0,0,0,1,0,0,0,0,0,0,0.081,0.0,0.027,0.0,0.027,0.0,0.0,0.0,0.0,0.0,0.0,0.0,0.027,0.0,0.0,0.0,0.0,0.0,0.0,3.0,0.0,1.0,0.0,1.0,0.0,0.0,0.0,0.0,0.0,0.0,0.0,1.0,0.0,0.0,0.0,0.0,0.0,0.0,1.0,1.0,0,0.5,0,1.0,0,1.0,1.0,0,1.0,1.0,0.667,1.0,0,1.0,0,1.0,2.236,0,0.707,0,1.732,0,2.449,1.0,0,1.732,2.0,1.633,1.0,0,2.236,0,0.707,1.581,0,0.5,0,1.225,0,1.732,0.707,0,1.225,1.414,1.155,0.707,0,1.581,0,0.919,5.59,3.952,0.977,147.062,0.919,5.59,3.952,0.977,147.062,1,5,0,2,0,3,0,6,1,0,3,4,6,1,0,5,0,1,5,0,1,0,3,0,6,1,0,3,4,4,1,0,5,0,0.027,0.135,0.0,0.054,0.0,0.081,0.0,0.162,0.027,0.0,0.081,0.108,0.162,0.027,0.0,0.135,0.0,1.0,5.0,0.0,2.0,0.0,3.0,0.0,6.0,1.0,0.0,3.0,4.0,6.0,1.0,0.0,5.0,0.0,66.388,13.191,20.205,0.0,9.463,17.947,0.123,0.154,0.211
12,6,2,14,0,0,12,1,43,12.0,43.0,3.583,14.0,1.167,6.0,0.5,45.41,54.117,57.467,3.784,4.51,45.41,54.117,4.789,57.467,0,0,0,0,0,0,0,0,0,0,0,0,0,0,0,0,0,0,0,0.0,0.0,0.0,0.0,0.0,0.0,0.0,0.0,0.0,0.0,0.0,0.0,0.0,0.0,0.0,0.0,0.0,0.0,0.0,0.0,0.0,0.0,0.0,0.0,0.0,0.0,0.0,0.0,0.0,0.0,0.0,0.0,0.0,0.0,0.0,0.0,0.0,0.0,0,1.0,0,0,1.0,0,0,1.0,0,1.0,1.0,0,1.0,0,0,1.0,0,0,1.414,0,0,1.0,0,0,1.414,0,1.0,1.414,0,1.414,0,0,1.414,0,0,1.0,0,0,0.707,0,0,1.0,0,0.707,1.0,0,1.0,0,0,1.0,0,1.0,3.464,2.449,1.0,0,1.0,3.464,2.449,1.0,0,0,2,0,0,1,0,0,2,0,1,2,0,2,0,0,2,0,0,2,0,0,1,0,0,2,0,1,2,0,2,0,0,2,0,0.0,0.167,0.0,0.0,0.083,0.0,0.0,0.167,0.0,0.083,0.167,0.0,0.167,0.0,0.0,0.167,0.0,0.0,2.0,0.0,0.0,1.0,0.0,0.0,2.0,0.0,1.0,2.0,0.0,2.0,0.0,0.0,2.0,0.0,95.955,2.857,4.8,0.0,2.803,1.448,0.04,0.05,0.069
14,4,3,18,4,0,13,1,63,14.0,63.0,4.5,18.0,1.286,4.0,0.286,42.57,30.786,37.91,3.041,2.199,42.57,30.786,2.708,37.91,1,1,0,0,0,0,0,0,0,0,0,0,0,0,0,0,0,0,0,0.071,0.071,0.0,0.0,0.0,0.0,0.0,0.0,0.0,0.0,0.0,0.0,0.0,0.0,0.0,0.0,0.0,0.0,0.0,1.0,1.0,0.0,0.0,0.0,0.0,0.0,0.0,0.0,0.0,0.0,0.0,0.0,0.0,0.0,0.0,0.0,0.0,0.0,0,1.0,0,0,0,1.0,0,1.0,0,1.0,0,1.0,0.667,0,0,1.0,0,0,1.414,0,0,0,1.0,0,2.0,0,1.0,0,1.414,1.155,0,0,1.0,0,0,1.0,0,0,0,0.707,0,1.414,0,0.707,0,1.0,0.816,0,0,0.707,0,0.929,3.474,2.457,0.972,88.775,0.929,3.474,2.457,0.972,88.775,0,2,0,0,0,1,0,4,0,1,0,2,3,0,0,1,0,0,2,0,0,0,1,0,4,0,1,0,2,2,0,0,1,0,0.0,0.143,0.0,0.0,0.0,0.071,0.0,0.286,0.0,0.071,0.0,0.143,0.214,0.0,0.0,0.071,0.0,0.0,2.0,0.0,0.0,0.0,1.0,0.0,4.0,0.0,1.0,0.0,2.0,3.0,0.0,0.0,1.0,0.0,83.854,5.041,17.029,0.0,8.546,6.765,0.047,0.058,0.08
26,11,2,37,4,0,23,1,125,26.0,125.0,4.808,37.0,1.423,11.0,0.423,123.89,94.026,110.574,4.765,3.616,123.89,94.026,4.253,110.574,2,1,1,0,0,0,0,0,0,0,0,0,0,0,0,0,0,0,0,0.077,0.038,0.038,0.0,0.0,0.0,0.0,0.0,0.0,0.0,0.0,0.0,0.0,0.0,0.0,0.0,0.0,0.0,0.0,2.0,1.0,1.0,0.0,0.0,0.0,0.0,0.0,0.0,0.0,0.0,0.0,0.0,0.0,0.0,0.0,0.0,0.0,0.0,1.0,1.0,0,0,0.5,0.333,0,1.0,0,0,1.0,1.0,1.0,0,0,1.0,0,2.0,1.732,0,0,0.707,0.577,0,2.236,0,0,1.0,1.732,1.414,0,0,1.732,0,1.414,1.225,0,0,0.5,0.408,0,1.581,0,0,0.707,1.225,1.0,0,0,1.225,0,0.885,4.511,3.19,0.962,80.189,0.885,4.511,3.19,0.962,80.189,4,3,0,0,2,3,0,5,0,0,1,3,2,0,0,3,0,4,3,0,0,1,1,0,5,0,0,1,3,2,0,0,3,0,0.154,0.115,0.0,0.0,0.077,0.115,0.0,0.192,0.0,0.0,0.038,0.115,0.077,0.0,0.0,0.115,0.0,4.0,3.0,0.0,0.0,2.0,3.0,0.0,5.0,0.0,0.0,1.0,3.0,2.0,0.0,0.0,3.0,0.0,60.053,11.342,16.554,0.0,11.331,14.214,0.087,0.108,0.149
29,13,3,37,4,0,22,1,113,29.0,113.0,3.897,37.0,1.276,13.0,0.448,86.09,85.0,132.757,2.969,2.931,86.09,85.0,4.578,132.757,3,0,0,0,2,1,0,0,0,0,0,0,0,0,0,0,0,0,0,0.103,0.0,0.0,0.0,0.069,0.034,0.0,0.0,0.0,0.0,0.0,0.0,0.0,0.0,0.0,0.0,0.0,0.0,0.0,3.0,0.0,0.0,0.0,2.0,1.0,0.0,0.0,0.0,0.0,0.0,0.0,0.0,0.0,0.0,0.0,0.0,0.0,0.0,1.0,0.75,0,0,0.5,0.333,0,1.0,0,0,0.5,0.75,0.667,1.0,0,1.0,0,1.414,1.5,0,0,0.707,0.577,0,2.449,0,0,0.707,1.5,1.155,1.0,0,1.414,0,1.0,1.061,0,0,0.5,0.408,0,1.732,0,0,0.5,1.061,0.816,0.707,0,1.0,0,0.759,4.085,2.889,0.918,34.586,0.759,4.085,2.889,0.918,34.586,2,4,0,0,2,3,0,6,0,0,2,4,3,1,0,2,0,2,3,0,0,1,1,0,6,0,0,1,3,2,1,0,2,0,0.069,0.138,0.0,0.0,0.069,0.103,0.0,0.207,0.0,0.0,0.069,0.138,0.103,0.034,0.0,0.069,0.0,2.0,4.0,0.0,0.0,2.0,3.0,0.0,6.0,0.0,0.0,2.0,4.0,3.0,1.0,0.0,2.0,0.0,69.462,10.775,17.117,0.0,6.091,11.423,0.097,0.121,0.166
28,17,3,27,1,0,24,2,108,14.0,54.0,3.857,13.5,0.964,8.5,0.607,103.28,87.943,134.868,3.689,3.141,51.64,43.971,4.817,67.434,2,1,0,0,0,0,0,1,0,0,0,0,0,0,0,0,0,0,0,0.071,0.036,0.0,0.0,0.0,0.0,0.0,0.036,0.0,0.0,0.0,0.0,0.0,0.0,0.0,0.0,0.0,0.0,0.0,1.0,0.5,0.0,0.0,0.0,0.0,0.0,0.5,0.0,0.0,0.0,0.0,0.0,0.0,0.0,0.0,0.0,0.0,0.0,1.0,1.0,1.0,1.0,0,0.5,0,1.0,0,1.0,1.0,1.0,0.667,0,0,1.0,0,1.0,1.732,1.0,1.732,0,1.0,0,2.236,0,1.0,1.732,1.414,1.155,0,0,1.414,0,0.707,1.225,0.707,1.225,0,0.707,0,1.581,0,0.707,1.225,1.0,0.816,0,0,1.0,0,0.857,4.536,3.207,0.954,65.52,0.857,4.536,3.207,0.954,65.52,1,3,1,3,0,4,0,5,0,1,3,2,3,0,0,2,0,1,3,1,3,0,2,0,5,0,1,3,2,2,0,0,2,0,0.036,0.107,0.036,0.107,0.0,0.143,0.0,0.179,0.0,0.036,0.107,0.071,0.107,0.0,0.0,0.071,0.0,0.5,1.5,0.5,1.5,0.0,2.0,0.0,2.5,0.0,0.5,1.5,1.0,1.5,0.0,0.0,1.0,0.0,111.046,1.249,7.029,0.0,4.766,3.737,0.093,0.117,0.16
17,7,2,18,1,0,16,1,67,17.0,67.0,3.941,18.0,1.059,7.0,0.412,66.05,60.895,65.825,3.885,3.582,66.05,60.895,3.872,65.825,1,1,0,0,0,0,0,0,0,0,0,0,0,0,0,0,0,0,0,0.059,0.059,0.0,0.0,0.0,0.0,0.0,0.0,0.0,0.0,0.0,0.0,0.0,0.0,0.0,0.0,0.0,0.0,0.0,1.0,1.0,0.0,0.0,0.0,0.0,0.0,0.0,0.0,0.0,0.0,0.0,0.0,0.0,0.0,0.0,0.0,0.0,0.0,1.0,1.0,1.0,0,0,1.0,0,1.0,0,0.5,1.0,1.0,1.0,0,0,1.0,0,1.0,1.0,1.0,0,0,1.0,0,2.0,0,0.707,1.0,1.0,1.414,0,0,1.732,0,0.707,0.707,0.707,0,0,0.707,0,1.414,0,0.5,0.707,0.707,1.0,0,0,1.225,0,0.941,3.881,2.744,0.979,126.801,0.941,3.881,2.744,0.979,126.801,1,1,1,0,0,1,0,4,0,2,1,1,2,0,0,3,0,1,1,1,0,0,1,0,4,0,1,1,1,2,0,0,3,0,0.059,0.059,0.059,0.0,0.0,0.059,0.0,0.235,0.0,0.118,0.059,0.059,0.118,0.0,0.0,0.176,0.0,1.0,1.0,1.0,0.0,0.0,1.0,0.0,4.0,0.0,2.0,1.0,1.0,2.0,0.0,0.0,3.0,0.0,100.004,3.534,9.153,0.0,5.633,5.633,0.057,0.071,0.097
30,15,4,32,3,0,26,1,116,30.0,116.0,3.867,32.0,1.067,15.0,0.5,114.8,105.677,139.623,3.827,3.523,114.8,105.677,4.654,139.623,1,0,0,0,1,0,0,0,0,0,0,0,0,0,0,0,0,0,0,0.033,0.0,0.0,0.0,0.033,0.0,0.0,0.0,0.0,0.0,0.0,0.0,0.0,0.0,0.0,0.0,0.0,0.0,0.0,1.0,0.0,0.0,0.0,1.0,0.0,0.0,0.0,0.0,0.0,0.0,0.0,0.0,0.0,0.0,0.0,0.0,0.0,0.0,1.0,1.0,1.0,1.0,0,0,0,1.0,0,0,0.6,1.0,0.75,0.75,0,1.0,0,1.0,1.414,1.0,1.732,0,0,0,1.414,0,0,1.342,1.414,1.5,1.5,0,2.449,0,0.707,1.0,0.707,1.225,0,0,0,1.0,0,0,0.949,1.0,1.061,1.061,0,1.732,0,0.867,4.747,3.357,0.958,74.18,0.867,4.747,3.357,0.958,74.18,1,2,1,3,0,0,0,2,0,0,5,2,4,4,0,6,0,1,2,1,3,0,0,0,2,0,0,3,2,3,3,0,6,0,0.033,0.067,0.033,0.1,0.0,0.0,0.0,0.067,0.0,0.0,0.167,0.067,0.133,0.133,0.0,0.2,0.0,1.0,2.0,1.0,3.0,0.0,0.0,0.0,2.0,0.0,0.0,5.0,2.0,4.0,4.0,0.0,6.0,0.0,86.145,8.697,16.0,0.0,5.949,11.782,0.1,0.125,0.171
35,14,4,47,8,0,28,1,138,35.0,138.0,3.943,47.0,1.343,14.0,0.4,104.39,88.573,138.452,2.983,2.531,104.39,88.573,3.956,138.452,6,1,0,0,1,3,0,0,0,0,0,0,0,0,0,0,0,0,1,0.171,0.029,0.0,0.0,0.029,0.086,0.0,0.0,0.0,0.0,0.0,0.0,0.0,0.0,0.0,0.0,0.0,0.0,0.029,6.0,1.0,0.0,0.0,1.0,3.0,0.0,0.0,0.0,0.0,0.0,0.0,0.0,0.0,0.0,0.0,0.0,0.0,1.0,0,0.571,0,1.0,1.0,0.667,0,1.0,1.0,0,1.0,0.9,0.5,0,0,1.0,0,0,1.512,0,1.0,1.0,1.155,0,1.732,1.0,0,1.414,2.846,1.0,0,0,1.732,0,0,1.069,0,0.707,0.707,0.816,0,1.225,0.707,0,1.0,2.012,0.707,0,0,1.225,0,0.8,4.733,3.347,0.937,49.76,0.8,4.733,3.347,0.937,49.76,0,7,0,1,1,3,0,3,1,0,2,10,4,0,0,3,0,0,4,0,1,1,2,0,3,1,0,2,9,2,0,0,3,0,0.0,0.2,0.0,0.029,0.029,0.086,0.0,0.086,0.029,0.0,0.057,0.286,0.114,0.0,0.0,0.086,0.0,0.0,7.0,0.0,1.0,1.0,3.0,0.0,3.0,1.0,0.0,2.0,10.0,4.0,0.0,0.0,3.0,0.0,57.704,13.906,23.143,0.0,6.538,14.641,0.117,0.146,0.2
9,3,1,9,1,0,9,1,37,9.0,37.0,4.111,9.0,1.0,3.0,0.333,14.1,10.0,35.241,1.567,1.111,14.1,10.0,3.916,35.241,2,0,0,1,1,0,0,0,0,0,0,0,0,0,0,0,0,0,0,0.222,0.0,0.0,0.111,0.111,0.0,0.0,0.0,0.0,0.0,0.0,0.0,0.0,0.0,0.0,0.0,0.0,0.0,0.0,2.0,0.0,0.0,1.0,1.0,0.0,0.0,0.0,0.0,0.0,0.0,0.0,0.0,0.0,0.0,0.0,0.0,0.0,0.0,0,0,0,1.0,1.0,0,0,1.0,0,1.0,0,1.0,1.0,0,0,0,0,0,0,0,1.0,1.0,0,0,1.0,0,1.0,0,2.0,1.0,0,0,0,0,0,0,0,0.707,0.707,0,0,0.707,0,0.707,0,1.414,0.707,0,0,0,0,1.0,3.0,2.121,1.0,0,1.0,3.0,2.121,1.0,0,0,0,0,1,1,0,0,1,0,1,0,4,1,0,0,0,0,0,0,0,1,1,0,0,1,0,1,0,4,1,0,0,0,0,0.0,0.0,0.0,0.111,0.111,0.0,0.0,0.111,0.0,0.111,0.0,0.444,0.111,0.0,0.0,0.0,0.0,0.0,0.0,0.0,1.0,1.0,0.0,0.0,1.0,0.0,1.0,0.0,4.0,1.0,0.0,0.0,0.0,0.0,113.1,-0.28,8.044,0.0,5.084,2.433,0.03,0.037,0.051
33,12,6,39,3,0,25,2,141,16.5,70.5,4.273,19.5,1.182,6.0,0.364,110.43,79.417,129.065,3.346,2.407,55.215,39.708,3.911,64.532,6,0,0,0,0,3,0,0,0,0,0,0,0,0,0,0,0,0,3,0.182,0.0,0.0,0.0,0.0,0.091,0.0,0.0,0.0,0.0,0.0,0.0,0.0,0.0,0.0,0.0,0.0,0.0,0.091,3.0,0.0,0.0,0.0,0.0,1.5,0.0,0.0,0.0,0.0,0.0,0.0,0.0,0.0,0.0,0.0,0.0,0.0,1.5,1.0,1.0,0,1.0,0.5,0.667,0,0.857,0.667,0,1.0,1.0,0.5,0,0,0.667,0,1.0,1.0,0,1.0,0.707,1.155,0,2.268,1.155,0,1.414,2.0,1.225,0,0,1.155,0,0.707,0.707,0,0.707,0.5,0.816,0,1.604,0.816,0,1.0,1.414,0.866,0,0,0.816,0,0.758,4.352,3.077,0.921,37.32,0.758,4.352,3.077,0.921,37.32,1,1,0,1,2,3,0,7,3,0,2,4,6,0,0,3,0,1,1,0,1,1,2,0,6,2,0,2,4,3,0,0,2,0,0.03,0.03,0.0,0.03,0.061,0.091,0.0,0.212,0.091,0.0,0.061,0.121,0.182,0.0,0.0,0.091,0.0,0.5,0.5,0.0,0.5,1.0,1.5,0.0,3.5,1.5,0.0,1.0,2.0,3.0,0.0,0.0,1.5,0.0,90.106,4.79,10.236,0.0,7.53,6.945,0.11,0.138,0.189
32,13,5,32,1,0,25,1,126,32.0,126.0,3.938,32.0,1.0,13.0,0.406,107.24,117.417,138.383,3.351,3.669,107.24,117.417,4.324,138.383,4,0,0,0,0,0,0,0,0,0,0,0,0,0,0,0,0,0,4,0.125,0.0,0.0,0.0,0.0,0.0,0.0,0.0,0.0,0.0,0.0,0.0,0.0,0.0,0.0,0.0,0.0,0.0,0.125,4.0,0.0,0.0,0.0,0.0,0.0,0.0,0.0,0.0,0.0,0.0,0.0,0.0,0.0,0.0,0.0,0.0,0.0,4.0,1.0,0.5,0,0,0,0.5,0,1.0,0.5,0,1.0,1.0,0.6,1.0,0,1.0,0,1.0,0.707,0,0,0,1.0,0,2.828,1.0,0,1.0,1.732,1.342,1.0,0,1.732,0,0.707,0.5,0,0,0,0.707,0,2.0,0.707,0,0.707,1.225,0.949,0.707,0,1.225,0,0.781,4.419,3.125,0.929,41.972,0.781,4.419,3.125,0.929,41.972,1,2,0,0,0,4,0,8,4,0,1,3,5,1,0,3,0,1,1,0,0,0,2,0,8,2,0,1,3,3,1,0,3,0,0.031,0.062,0.0,0.0,0.0,0.125,0.0,0.25,0.125,0.0,0.031,0.094,0.156,0.031,0.0,0.094,0.0,1.0,2.0,0.0,0.0,0.0,4.0,0.0,8.0,4.0,0.0,1.0,3.0,5.0,1.0,0.0,3.0,0.0,89.755,8.69,14.05,0.0,6.427,13.116,0.107,0.133,0.183
18,6,2,20,1,0,18,1,83,18.0,83.0,4.611,20.0,1.111,6.0,0.333,58.47,53.0,72.574,3.248,2.944,58.47,53.0,4.032,72.574,1,0,0,0,0,0,0,0,0,0,0,0,0,0,0,0,0,0,1,0.056,0.0,0.0,0.0,0.0,0.0,0.0,0.0,0.0,0.0,0.0,0.0,0.0,0.0,0.0,0.0,0.0,0.0,0.056,1.0,0.0,0.0,0.0,0.0,0.0,0.0,0.0,0.0,0.0,0.0,0.0,0.0,0.0,0.0,0.0,0.0,0.0,1.0,1.0,1.0,0,0,0,1.0,0,1.0,1.0,0,1.0,1.0,1.0,0,0,1.0,0,1.0,1.414,0,0,0,1.0,0,2.0,1.0,0,1.0,1.732,1.414,0,0,1.732,0,0.707,1.0,0,0,0,0.707,0,1.414,0.707,0,0.707,1.225,1.0,0,0,1.225,0,1.0,4.243,3.0,1.0,0,1.0,4.243,3.0,1.0,0,1,2,0,0,0,1,0,4,1,0,1,3,2,0,0,3,0,1,2,0,0,0,1,0,4,1,0,1,3,2,0,0,3,0,0.056,0.111,0.0,0.0,0.0,0.056,0.0,0.222,0.056,0.0,0.056,0.167,0.111,0.0,0.0,0.167,0.0,1.0,2.0,0.0,0.0,0.0,1.0,0.0,4.0,1.0,0.0,1.0,3.0,2.0,0.0,0.0,3.0,0.0,94.565,4.541,9.422,0.0,9.669,9.288,0.06,0.075,0.103
47,23,7,59,9,2,33,2,204,23.5,102.0,4.34,29.5,1.255,11.5,0.489,195.9,150.705,213.985,4.168,3.206,97.95,75.352,4.553,106.993,2,0,0,0,2,0,0,0,0,0,0,0,0,0,0,0,0,0,0,0.043,0.0,0.0,0.0,0.043,0.0,0.0,0.0,0.0,0.0,0.0,0.0,0.0,0.0,0.0,0.0,0.0,0.0,0.0,1.0,0.0,0.0,0.0,1.0,0.0,0.0,0.0,0.0,0.0,0.0,0.0,0.0,0.0,0.0,0.0,0.0,0.0,0.0,1.0,0.5,1.0,1.0,1.0,0.4,0,0.833,0,0,0.75,0.6,0.714,0,0,1.0,0,2.0,1.414,1.732,1.0,1.0,0.894,0,2.041,0,0,1.5,1.342,1.89,0,0,1.732,0,1.414,1.0,1.225,0.707,0.707,0.632,0,1.443,0,0,1.061,0.949,1.336,0,0,1.225,0,0.702,4.814,3.404,0.908,34.571,0.702,4.814,3.404,0.908,34.571,4,8,3,1,1,5,0,6,0,0,4,5,7,0,0,3,0,4,4,3,1,1,2,0,5,0,0,3,3,5,0,0,3,0,0.085,0.17,0.064,0.021,0.021,0.106,0.0,0.128,0.0,0.0,0.085,0.106,0.149,0.0,0.0,0.064,0.0,2.0,4.0,1.5,0.5,0.5,2.5,0.0,3.0,0.0,0.0,2.0,2.5,3.5,0.0,0.0,1.5,0.0,76.783,8.388,17.06,5.713,8.462,10.763,0.157,0.196,0.269
37,15,3,59,12,3,29,1,185,37.0,185.0,5.0,59.0,1.595,15.0,0.405,123.23,105.688,157.589,3.331,2.856,123.23,105.688,4.259,157.589,9,0,1,0,2,3,0,1,0,1,0,0,0,0,0,0,0,0,1,0.243,0.0,0.027,0.0,0.054,0.081,0.0,0.027,0.0,0.027,0.0,0.0,0.0,0.0,0.0,0.0,0.0,0.0,0.027,9.0,0.0,1.0,0.0,2.0,3.0,0.0,1.0,0.0,1.0,0.0,0.0,0.0,0.0,0.0,0.0,0.0,0.0,1.0,1.0,0.8,1.0,0,1.0,0.167,0,0.75,0,1.0,0,1.0,0.667,0,0,1.0,0,1.732,1.789,1.414,0,1.414,0.408,0,1.5,0,1.0,0,2.828,1.155,0,0,1.732,0,1.225,1.265,1.0,0,1.0,0.289,0,1.061,0,0.707,0,2.0,0.816,0,0,1.225,0,0.784,4.768,3.371,0.933,46.542,0.784,4.768,3.371,0.933,46.542,3,5,2,0,2,6,0,4,0,1,0,8,3,0,0,3,0,3,4,2,0,2,1,0,3,0,1,0,8,2,0,0,3,0,0.081,0.135,0.054,0.0,0.054,0.162,0.0,0.108,0.0,0.027,0.0,0.216,0.081,0.0,0.0,0.081,0.0,3.0,5.0,2.0,0.0,2.0,6.0,0.0,4.0,0.0,1.0,0.0,8.0,3.0,0.0,0.0,3.0,0.0,34.377,17.656,27.773,9.895,12.8,20.62,0.123,0.154,0.211
15,5,2,25,5,1,15,1,75,15.0,75.0,5.0,25.0,1.667,5.0,0.333,47.04,27.5,59.172,3.136,1.833,47.04,27.5,3.945,59.172,1,0,0,0,0,0,0,0,0,0,0,0,1,0,0,0,0,0,0,0.067,0.0,0.0,0.0,0.0,0.0,0.0,0.0,0.0,0.0,0.0,0.0,0.067,0.0,0.0,0.0,0.0,0.0,0.0,1.0,0.0,0.0,0.0,0.0,0.0,0.0,0.0,0.0,0.0,0.0,0.0,1.0,0.0,0.0,0.0,0.0,0.0,0.0,0,1.0,1.0,1.0,0,1.0,0,1.0,0,0,0,1.0,1.0,1.0,0,1.0,0,0,1.0,1.0,1.0,0,1.414,0,1.414,0,0,0,2.0,1.414,1.0,0,1.0,0,0,0.707,0.707,0.707,0,1.0,0,1.0,0,0,0,1.414,1.0,0.707,0,0.707,0,1.0,3.873,2.739,1.0,0,1.0,3.873,2.739,1.0,0,0,1,1,1,0,2,0,2,0,0,0,4,2,1,0,1,0,0,1,1,1,0,2,0,2,0,0,0,4,2,1,0,1,0,0.0,0.067,0.067,0.067,0.0,0.133,0.0,0.133,0.0,0.0,0.0,0.267,0.133,0.067,0.0,0.067,0.0,0.0,1.0,1.0,1.0,0.0,2.0,0.0,2.0,0.0,0.0,0.0,4.0,2.0,1.0,0.0,1.0,0.0,50.61,9.927,19.333,5.713,11.627,9.62,0.05,0.062,0.086
22,11,1,31,4,0,18,1,96,22.0,96.0,4.364,31.0,1.409,11.0,0.5,71.98,71.25,101.689,3.272,3.239,71.98,71.25,4.622,101.689,3,0,0,0,2,0,0,1,0,0,0,0,0,0,0,0,0,0,0,0.136,0.0,0.0,0.0,0.091,0.0,0.0,0.045,0.0,0.0,0.0,0.0,0.0,0.0,0.0,0.0,0.0,0.0,0.0,3.0,0.0,0.0,0.0,2.0,0.0,0.0,1.0,0.0,0.0,0.0,0.0,0.0,0.0,0.0,0.0,0.0,0.0,0.0,1.0,0.4,0,1.0,0,0.5,0,1.0,0,0,1.0,1.0,1.0,0,0,1.0,0,1.0,0.894,0,1.414,0,0.707,0,1.414,0,0,1.0,2.449,1.0,0,0,1.414,0,0.707,0.632,0,1.0,0,0.5,0,1.0,0,0,0.707,1.732,0.707,0,0,1.0,0,0.818,3.838,2.714,0.935,41.632,0.818,3.838,2.714,0.935,41.632,1,5,0,2,0,2,0,2,0,0,1,6,1,0,0,2,0,1,2,0,2,0,1,0,2,0,0,1,6,1,0,0,2,0,0.045,0.227,0.0,0.091,0.0,0.091,0.0,0.091,0.0,0.0,0.045,0.273,0.045,0.0,0.0,0.091,0.0,1.0,5.0,0.0,2.0,0.0,2.0,0.0,2.0,0.0,0.0,1.0,6.0,1.0,0.0,0.0,2.0,0.0,65.296,9.617,16.073,0.0,8.513,10.123,0.073,0.092,0.126
11,6,1,18,3,1,10,1,55,11.0,55.0,5.0,18.0,1.636,6.0,0.545,33.63,29.5,46.088,3.057,2.682,33.63,29.5,4.19,46.088,2,0,0,0,0,1,1,0,0,0,0,0,0,0,0,0,0,0,0,0.182,0.0,0.0,0.0,0.0,0.091,0.091,0.0,0.0,0.0,0.0,0.0,0.0,0.0,0.0,0.0,0.0,0.0,0.0,2.0,0.0,0.0,0.0,0.0,1.0,1.0,0.0,0.0,0.0,0.0,0.0,0.0,0.0,0.0,0.0,0.0,0.0,0.0,1.0,1.0,0,1.0,0,0.5,0,1.0,0,1.0,0,1.0,1.0,0,0,1.0,0,1.0,1.0,0,1.0,0,0.707,0,1.0,0,1.0,0,1.414,1.0,0,0,1.0,0,0.707,0.707,0,0.707,0,0.5,0,0.707,0,0.707,0,1.0,0.707,0,0,0.707,0,0.909,3.015,2.132,0.96,55.628,0.909,3.015,2.132,0.96,55.628,1,1,0,1,0,2,0,1,0,1,0,2,1,0,0,1,0,1,1,0,1,0,1,0,1,0,1,0,2,1,0,0,1,0,0.091,0.091,0.0,0.091,0.0,0.182,0.0,0.091,0.0,0.091,0.0,0.182,0.091,0.0,0.0,0.091,0.0,1.0,1.0,0.0,1.0,0.0,2.0,0.0,1.0,0.0,1.0,0.0,2.0,1.0,0.0,0.0,1.0,0.0,57.234,8.009,15.309,5.713,10.909,7.62,0.037,0.046,0.063
36,16,6,47,7,0,29,2,157,18.0,78.5,4.361,23.5,1.306,8.0,0.444,109.95,94.821,143.811,3.054,2.634,54.975,47.411,3.995,71.905,8,2,0,0,2,0,0,0,0,0,0,0,1,0,0,0,0,0,3,0.222,0.056,0.0,0.0,0.056,0.0,0.0,0.0,0.0,0.0,0.0,0.0,0.028,0.0,0.0,0.0,0.0,0.0,0.083,4.0,1.0,0.0,0.0,1.0,0.0,0.0,0.0,0.0,0.0,0.0,0.0,0.5,0.0,0.0,0.0,0.0,0.0,1.5,1.0,0.833,0,1.0,1.0,0.5,0,0.833,1.0,0,1.0,1.0,0.333,0,0,1.0,0,1.414,2.041,0,1.0,1.0,0.707,0,2.041,1.732,0,1.0,2.236,0.816,0,0,1.732,0,1.0,1.443,0,0.707,0.707,0.5,0,1.443,1.225,0,0.707,1.581,0.577,0,0,1.225,0,0.806,4.833,3.418,0.94,52.44,0.806,4.833,3.418,0.94,52.44,2,6,0,1,1,2,0,6,3,0,1,5,6,0,0,3,0,2,5,0,1,1,1,0,5,3,0,1,5,2,0,0,3,0,0.056,0.167,0.0,0.028,0.028,0.056,0.0,0.167,0.083,0.0,0.028,0.139,0.167,0.0,0.0,0.083,0.0,1.0,3.0,0.0,0.5,0.5,1.0,0.0,3.0,1.5,0.0,0.5,2.5,3.0,0.0,0.0,1.5,0.0,78.115,6.836,14.978,0.0,8.199,8.111,0.12,0.15,0.206
68,25,10,84,10,0,50,2,267,34.0,133.5,3.926,42.0,1.235,12.5,0.368,217.97,181.962,266.526,3.205,2.676,108.985,90.981,3.919,133.263,8,3,1,0,0,1,0,0,0,0,0,0,1,0,0,0,0,1,1,0.118,0.044,0.015,0.0,0.0,0.015,0.0,0.0,0.0,0.0,0.0,0.0,0.015,0.0,0.0,0.0,0.0,0.015,0.015,4.0,1.5,0.5,0.0,0.0,0.5,0.0,0.0,0.0,0.0,0.0,0.0,0.5,0.0,0.0,0.0,0.0,0.5,0.5,1.0,0.875,1.0,0.5,1.0,1.0,0,1.0,1.0,0.667,0.429,0.846,0.2,1.0,0,1.0,0,1.732,2.475,1.0,0.707,1.0,1.0,0,2.828,1.414,1.155,1.134,3.051,0.632,1.414,0,2.646,0,1.225,1.75,0.707,0.5,0.707,0.707,0,2.0,1.0,0.816,0.802,2.157,0.447,1.0,0,1.871,0,0.735,6.063,4.287,0.927,49.771,0.735,6.063,4.287,0.927,49.771,3,8,1,2,1,1,0,8,2,3,7,13,10,2,0,7,0,3,7,1,1,1,1,0,8,2,2,3,11,2,2,0,7,0,0.044,0.118,0.015,0.029,0.015,0.015,0.0,0.118,0.029,0.044,0.103,0.191,0.147,0.029,0.0,0.103,0.0,1.5,4.0,0.5,1.0,0.5,0.5,0.0,4.0,1.0,1.5,3.5,6.5,5.0,1.0,0.0,3.5,0.0,67.819,12.246,19.482,0.0,6.417,14.064,0.227,0.283,0.389
49,22,6,67,7,0,33,2,202,24.5,101.0,4.122,33.5,1.367,11.0,0.449,207.34,144.333,194.298,4.231,2.946,103.67,72.167,3.965,97.149,4,3,0,0,0,0,0,0,0,0,0,0,1,0,0,0,0,0,0,0.082,0.061,0.0,0.0,0.0,0.0,0.0,0.0,0.0,0.0,0.0,0.0,0.02,0.0,0.0,0.0,0.0,0.0,0.0,2.0,1.5,0.0,0.0,0.0,0.0,0.0,0.0,0.0,0.0,0.0,0.0,0.5,0.0,0.0,0.0,0.0,0.0,0.0,1.0,1.0,1.0,1.0,0.333,0.5,0,1.0,0,0.333,0.429,0.8,0.5,0,0,0.875,0,1.0,1.414,1.0,1.0,0.577,1.0,0,2.828,0,0.577,1.134,1.789,1.225,0,0,2.475,0,0.707,1.0,0.707,0.707,0.408,0.707,0,2.0,0,0.408,0.802,1.265,0.866,0,0,1.75,0,0.673,4.714,3.334,0.898,30.926,0.673,4.714,3.334,0.898,30.926,1,2,1,1,3,4,0,8,0,3,7,5,6,0,0,8,0,1,2,1,1,1,2,0,8,0,1,3,4,3,0,0,7,0,0.02,0.041,0.02,0.02,0.061,0.082,0.0,0.163,0.0,0.061,0.143,0.102,0.122,0.0,0.0,0.163,0.0,0.5,1.0,0.5,0.5,1.5,2.0,0.0,4.0,0.0,1.5,3.5,2.5,3.0,0.0,0.0,4.0,0.0,66.29,10.1,15.514,0.0,7.232,10.237,0.163,0.204,0.28
62,30,9,80,9,0,47,3,273,20.667,91.0,4.403,26.667,1.29,10.0,0.484,256.15,222.547,256.794,4.131,3.589,85.383,74.182,4.142,85.598,2,1,0,0,1,0,0,0,0,0,0,0,0,0,0,0,0,0,0,0.032,0.016,0.0,0.0,0.016,0.0,0.0,0.0,0.0,0.0,0.0,0.0,0.0,0.0,0.0,0.0,0.0,0.0,0.0,0.667,0.333,0.0,0.0,0.333,0.0,0.0,0.0,0.0,0.0,0.0,0.0,0.0,0.0,0.0,0.0,0.0,0.0,0.0,1.0,0.875,1.0,1.0,0.5,0.667,0,0.875,0,0.75,1.0,1.0,0.222,1.0,0,1.0,0,1.0,2.475,1.732,1.414,0.707,1.155,0,2.475,0,1.5,2.236,2.236,0.667,1.414,0,3.162,0,0.707,1.75,1.225,1.0,0.5,0.816,0,1.75,0,1.061,1.581,1.581,0.471,1.0,0,2.236,0,0.758,5.969,4.221,0.933,53.517,0.758,5.969,4.221,0.933,53.517,1,8,3,2,2,3,0,8,0,4,5,5,9,2,0,10,0,1,7,3,2,1,2,0,7,0,3,5,5,2,2,0,10,0,0.016,0.129,0.048,0.032,0.032,0.048,0.0,0.129,0.0,0.065,0.081,0.081,0.145,0.032,0.0,0.161,0.0,0.333,2.667,1.0,0.667,0.667,1.0,0.0,2.667,0.0,1.333,1.667,1.667,3.0,0.667,0.0,3.333,0.0,76.697,7.696,14.073,0.0,8.659,9.643,0.207,0.258,0.354
50,20,5,59,7,1,36,2,214,25.0,107.0,4.28,29.5,1.18,10.0,0.4,169.35,126.864,210.194,3.387,2.537,84.675,63.432,4.204,105.097,5,1,0,0,1,3,0,0,0,0,0,0,0,0,0,0,0,0,0,0.1,0.02,0.0,0.0,0.02,0.06,0.0,0.0,0.0,0.0,0.0,0.0,0.0,0.0,0.0,0.0,0.0,0.0,0.0,2.5,0.5,0.0,0.0,0.5,1.5,0.0,0.0,0.0,0.0,0.0,0.0,0.0,0.0,0.0,0.0,0.0,0.0,0.0,1.0,0.857,1.0,0,1.0,0.2,0,0.75,0,0.667,1.0,0.7,0.4,1.0,0,1.0,0,1.414,2.268,1.732,0,1.0,0.447,0,1.5,0,1.155,1.732,2.214,0.894,1.0,0,2.449,0,1.0,1.604,1.225,0,0.707,0.316,0,1.061,0,0.816,1.225,1.565,0.632,0.707,0,1.732,0,0.72,5.091,3.6,0.916,39.091,0.72,5.091,3.6,0.916,39.091,2,7,3,0,1,5,0,4,0,3,3,10,5,1,0,6,0,2,6,3,0,1,1,0,3,0,2,3,7,2,1,0,6,0,0.04,0.14,0.06,0.0,0.02,0.1,0.0,0.08,0.0,0.06,0.06,0.2,0.1,0.02,0.0,0.12,0.0,1.0,3.5,1.5,0.0,0.5,2.5,0.0,2.0,0.0,1.5,1.5,5.0,2.5,0.5,0.0,3.0,0.0,81.632,8.084,15.6,4.04,8.182,11.229,0.167,0.208,0.286
61,28,9,71,7,1,43,2,241,30.5,120.5,3.951,35.5,1.164,14.0,0.459,198.59,158.9,251.552,3.256,2.605,99.295,79.45,4.124,125.776,10,3,0,0,3,3,0,0,0,0,0,0,0,0,0,0,0,0,1,0.164,0.049,0.0,0.0,0.049,0.049,0.0,0.0,0.0,0.0,0.0,0.0,0.0,0.0,0.0,0.0,0.0,0.0,0.016,5.0,1.5,0.0,0.0,1.5,1.5,0.0,0.0,0.0,0.0,0.0,0.0,0.0,0.0,0.0,0.0,0.0,0.0,0.5,0,0.5,1.0,1.0,0.5,0.5,0,0.75,1.0,0.667,0.7,0.909,0.333,1.0,0,1.0,0,0,1.0,1.732,1.414,0.707,0.707,0,1.5,1.0,1.155,2.214,3.015,1.0,1.414,0,2.828,0,0,0.707,1.225,1.0,0.5,0.5,0,1.061,0.707,0.816,1.565,2.132,0.707,1.0,0,2.0,0,0.705,5.506,3.893,0.915,40.457,0.705,5.506,3.893,0.915,40.457,0,4,3,2,2,2,0,4,1,3,10,11,9,2,0,8,0,0,2,3,2,1,1,0,3,1,2,7,10,3,2,0,8,0,0.0,0.066,0.049,0.033,0.033,0.033,0.0,0.066,0.016,0.049,0.164,0.18,0.148,0.033,0.0,0.131,0.0,0.0,2.0,1.5,1.0,1.0,1.0,0.0,2.0,0.5,1.5,5.0,5.5,4.5,1.0,0.0,4.0,0.0,77.409,10.039,16.79,4.04,6.46,12.428,0.203,0.254,0.349
20,8,4,19,1,0,19,1,68,20.0,68.0,3.4,19.0,0.95,8.0,0.4,66.09,47.821,80.158,3.304,2.391,66.09,47.821,4.008,80.158,4,1,0,0,1,0,0,0,0,0,0,0,1,0,0,0,0,0,1,0.2,0.05,0.0,0.0,0.05,0.0,0.0,0.0,0.0,0.0,0.0,0.0,0.05,0.0,0.0,0.0,0.0,0.0,0.05,4.0,1.0,0.0,0.0,1.0,0.0,0.0,0.0,0.0,0.0,0.0,0.0,1.0,0.0,0.0,0.0,0.0,0.0,1.0,1.0,1.0,1.0,1.0,1.0,1.0,0,1.0,1.0,0,0,1.0,0.75,0,0,1.0,0,1.0,1.414,1.414,1.0,1.0,1.0,0,1.0,1.414,0,0,1.414,1.5,0,0,1.732,0,0.707,1.0,1.0,0.707,0.707,0.707,0,0.707,1.0,0,0,1.0,1.061,0,0,1.225,0,0.95,4.249,3.004,0.983,169.023,0.95,4.249,3.004,0.983,169.023,1,2,2,1,1,1,0,1,2,0,0,2,4,0,0,3,0,1,2,2,1,1,1,0,1,2,0,0,2,3,0,0,3,0,0.05,0.1,0.1,0.05,0.05,0.05,0.0,0.05,0.1,0.0,0.0,0.1,0.2,0.0,0.0,0.15,0.0,1.0,2.0,2.0,1.0,1.0,1.0,0.0,1.0,2.0,0.0,0.0,2.0,4.0,0.0,0.0,3.0,0.0,106.165,3.42,10.0,0.0,2.712,4.584,0.067,0.083,0.114
26,12,3,31,3,0,22,1,90,26.0,90.0,3.462,31.0,1.192,12.0,0.462,78.51,67.867,111.425,3.02,2.61,78.51,67.867,4.286,111.425,1,0,0,0,0,1,0,0,0,0,0,0,0,0,0,0,0,0,0,0.038,0.0,0.0,0.0,0.0,0.038,0.0,0.0,0.0,0.0,0.0,0.0,0.0,0.0,0.0,0.0,0.0,0.0,0.0,1.0,0.0,0.0,0.0,0.0,1.0,0.0,0.0,0.0,0.0,0.0,0.0,0.0,0.0,0.0,0.0,0.0,0.0,0.0,1.0,1.0,0,0.667,0,1.0,0,1.0,0,1.0,0.667,1.0,0.667,0,0,1.0,0,1.0,1.414,0,1.155,0,1.0,0,2.0,0,1.414,1.155,2.0,1.155,0,0,1.732,0,0.707,1.0,0,0.816,0,0.707,0,1.414,0,1.0,0.816,1.414,0.816,0,0,1.225,0,0.846,4.315,3.051,0.949,57.194,0.846,4.315,3.051,0.949,57.194,1,2,0,3,0,1,0,4,0,2,3,4,3,0,0,3,0,1,2,0,2,0,1,0,4,0,2,2,4,2,0,0,3,0,0.038,0.077,0.0,0.115,0.0,0.038,0.0,0.154,0.0,0.077,0.115,0.154,0.115,0.0,0.0,0.115,0.0,1.0,2.0,0.0,3.0,0.0,1.0,0.0,4.0,0.0,2.0,3.0,4.0,3.0,0.0,0.0,3.0,0.0,79.576,8.619,15.015,0.0,3.415,7.874,0.087,0.108,0.149
51,22,4,64,5,2,36,2,221,25.5,110.5,4.333,32.0,1.255,11.0,0.431,173.69,135.019,216.144,3.406,2.647,86.845,67.51,4.238,108.072,8,1,1,0,1,4,0,0,0,0,0,0,0,0,0,0,0,0,1,0.157,0.02,0.02,0.0,0.02,0.078,0.0,0.0,0.0,0.0,0.0,0.0,0.0,0.0,0.0,0.0,0.0,0.0,0.02,4.0,0.5,0.5,0.0,0.5,2.0,0.0,0.0,0.0,0.0,0.0,0.0,0.0,0.0,0.0,0.0,0.0,0.0,0.5,1.0,0.8,1.0,1.0,1.0,0.25,0,0.7,1.0,0.5,0.6,0.778,0.5,0,0,1.0,0,1.732,1.789,1.414,1.414,1.0,0.5,0,2.214,1.0,0.707,1.342,2.333,1.0,0,0,1.732,0,1.225,1.265,1.0,1.0,0.707,0.354,0,1.565,0.707,0.5,0.949,1.65,0.707,0,0,1.225,0,0.706,5.041,3.565,0.911,36.869,0.706,5.041,3.565,0.911,36.869,3,5,2,2,1,4,0,10,1,2,5,9,4,0,0,3,0,3,4,2,2,1,1,0,7,1,1,3,7,2,0,0,3,0,0.059,0.098,0.039,0.039,0.02,0.078,0.0,0.196,0.02,0.039,0.098,0.176,0.078,0.0,0.0,0.059,0.0,1.5,2.5,1.0,1.0,0.5,2.0,0.0,5.0,0.5,1.0,2.5,4.5,2.0,0.0,0.0,1.5,0.0,74.788,9.163,14.122,5.713,8.519,11.73,0.17,0.212,0.291
71,27,9,83,3,0,50,2,293,35.5,146.5,4.127,41.5,1.169,13.5,0.38,212.31,167.44,275.615,2.99,2.358,106.155,83.72,3.882,137.807,12,3,0,0,3,2,0,0,0,1,0,0,2,0,0,0,0,0,1,0.169,0.042,0.0,0.0,0.042,0.028,0.0,0.0,0.0,0.014,0.0,0.0,0.028,0.0,0.0,0.0,0.0,0.0,0.014,6.0,1.5,0.0,0.0,1.5,1.0,0.0,0.0,0.0,0.5,0.0,0.0,1.0,0.0,0.0,0.0,0.0,0.0,0.5,1.0,0.625,1.0,1.0,0.25,0.429,0,0.875,1.0,0.5,1.0,0.824,0.333,1.0,0,1.0,0,1.732,1.768,1.0,1.0,0.5,1.134,0,2.475,1.732,0.707,1.0,3.395,1.0,1.0,0,2.449,0,1.225,1.25,0.707,0.707,0.354,0.802,0,1.75,1.225,0.5,0.707,2.401,0.707,0.707,0,1.732,0,0.704,5.934,4.196,0.918,43.644,0.704,5.934,4.196,0.918,43.644,3,8,1,1,4,7,0,8,3,2,1,17,9,1,0,6,0,3,5,1,1,1,3,0,7,3,1,1,14,3,1,0,6,0,0.042,0.113,0.014,0.014,0.056,0.099,0.0,0.113,0.042,0.028,0.014,0.239,0.127,0.014,0.0,0.085,0.0,1.5,4.0,0.5,0.5,2.0,3.5,0.0,4.0,1.5,1.0,0.5,8.5,4.5,0.5,0.0,3.0,0.0,71.904,12.049,15.89,0.0,7.632,15.757,0.237,0.296,0.406
71,30,8,91,4,1,50,1,293,71.0,293.0,4.127,91.0,1.282,30.0,0.423,238.89,201.807,271.167,3.365,2.842,238.89,201.807,3.819,271.167,10,6,0,0,2,1,0,0,0,0,0,0,0,0,0,0,0,1,0,0.141,0.085,0.0,0.0,0.028,0.014,0.0,0.0,0.0,0.0,0.0,0.0,0.0,0.0,0.0,0.0,0.0,0.014,0.0,10.0,6.0,0.0,0.0,2.0,1.0,0.0,0.0,0.0,0.0,0.0,0.0,0.0,0.0,0.0,0.0,0.0,1.0,0.0,1.0,0.875,0,0.667,0.5,0.333,0,1.0,0,1.0,0.714,0.722,0.25,1.0,0,0.889,0,2.0,2.475,0,1.155,0.707,0.577,0,2.236,0,1.414,1.89,3.064,0.707,1.414,0,2.667,0,1.414,1.75,0,0.816,0.5,0.408,0,1.581,0,1.0,1.336,2.167,0.5,1.0,0,1.886,0,0.704,5.934,4.196,0.918,43.644,0.704,5.934,4.196,0.918,43.644,4,8,0,3,2,3,0,5,0,2,7,18,8,2,0,9,0,4,7,0,2,1,1,0,5,0,2,5,13,2,2,0,8,0,0.056,0.113,0.0,0.042,0.028,0.042,0.0,0.07,0.0,0.028,0.099,0.254,0.113,0.028,0.0,0.127,0.0,4.0,8.0,0.0,3.0,2.0,3.0,0.0,5.0,0.0,2.0,7.0,18.0,8.0,2.0,0.0,9.0,0.0,26.339,27.224,30.654,5.713,8.048,33.507,0.237,0.296,0.406
33,10,3,40,1,0,29,2,142,16.5,71.0,4.303,20.0,1.212,5.0,0.303,94.28,73.357,127.777,2.857,2.223,47.14,36.679,3.872,63.888,6,2,0,1,0,1,0,0,0,0,0,0,1,0,0,0,0,0,1,0.182,0.061,0.0,0.03,0.0,0.03,0.0,0.0,0.0,0.0,0.0,0.0,0.03,0.0,0.0,0.0,0.0,0.0,0.03,3.0,1.0,0.0,0.5,0.0,0.5,0.0,0.0,0.0,0.0,0.0,0.0,0.5,0.0,0.0,0.0,0.0,0.0,0.5,1.0,0.667,0,0,1.0,0.5,0,1.0,1.0,1.0,1.0,0.9,0.667,1.0,0,1.0,0,1.414,1.155,0,0,1.0,0.707,0,2.0,1.0,1.0,1.0,2.846,1.155,1.0,0,2.0,0,1.0,0.816,0,0,0.707,0.5,0,1.414,0.707,0.707,0.707,2.012,0.816,0.707,0,1.414,0,0.879,5.048,3.57,0.963,87.753,0.879,5.048,3.57,0.963,87.753,2,3,0,0,1,2,0,4,1,1,1,10,3,1,0,4,0,2,2,0,0,1,1,0,4,1,1,1,9,2,1,0,4,0,0.061,0.091,0.0,0.0,0.03,0.061,0.0,0.121,0.03,0.03,0.03,0.303,0.091,0.03,0.0,0.121,0.0,1.0,1.5,0.0,0.0,0.5,1.0,0.0,2.0,0.5,0.5,0.5,5.0,1.5,0.5,0.0,2.0,0.0,87.542,5.148,7.812,0.0,7.708,7.087,0.11,0.138,0.189
45,21,6,52,5,1,37,1,180,45.0,180.0,4.0,52.0,1.156,21.0,0.467,195.85,148.81,194.034,4.352,3.307,195.85,148.81,4.312,194.034,3,1,0,0,1,0,0,0,0,0,0,0,0,0,0,0,0,0,1,0.067,0.022,0.0,0.0,0.022,0.0,0.0,0.0,0.0,0.0,0.0,0.0,0.0,0.0,0.0,0.0,0.0,0.0,0.022,3.0,1.0,0.0,0.0,1.0,0.0,0.0,0.0,0.0,0.0,0.0,0.0,0.0,0.0,0.0,0.0,0.0,0.0,1.0,1.0,0.75,0,1.0,1.0,0.75,0,1.0,0,1.0,0.6,1.0,0.5,0.667,0,1.0,0,1.414,1.5,0,1.0,1.414,1.5,0,2.828,0,1.0,1.342,1.732,1.225,1.155,0,2.449,0,1.0,1.061,0,0.707,1.0,1.061,0,2.0,0,0.707,0.949,1.225,0.866,0.816,0,1.732,0,0.822,5.516,3.9,0.949,66.611,0.822,5.516,3.9,0.949,66.611,2,4,0,1,2,4,0,8,0,1,5,3,6,3,0,6,0,2,3,0,1,2,3,0,8,0,1,3,3,3,2,0,6,0,0.044,0.089,0.0,0.022,0.044,0.089,0.0,0.178,0.0,0.022,0.111,0.067,0.133,0.067,0.0,0.133,0.0,2.0,4.0,0.0,1.0,2.0,4.0,0.0,8.0,0.0,1.0,5.0,3.0,6.0,3.0,0.0,6.0,0.0,63.4,15.596,22.444,5.713,7.062,19.91,0.15,0.188,0.257
62,25,6,76,6,1,42,2,250,31.0,125.0,4.032,38.0,1.226,12.5,0.403,217.86,192.282,261.905,3.514,3.101,108.93,96.141,4.224,130.953,7,2,0,0,2,1,0,0,0,0,0,0,0,0,0,0,0,0,2,0.113,0.032,0.0,0.0,0.032,0.016,0.0,0.0,0.0,0.0,0.0,0.0,0.0,0.0,0.0,0.0,0.0,0.0,0.032,3.5,1.0,0.0,0.0,1.0,0.5,0.0,0.0,0.0,0.0,0.0,0.0,0.0,0.0,0.0,0.0,0.0,0.0,1.0,1.0,0.5,1.0,1.0,0,0.4,0,1.0,0.5,0.667,0.667,0.75,0.333,1.0,0,1.0,0,1.414,1.581,1.414,1.0,0,0.894,0,2.828,0.707,1.155,1.155,2.598,0.816,1.414,0,2.449,0,1.0,1.118,1.0,0.707,0,0.632,0,2.0,0.5,0.816,0.816,1.837,0.577,1.0,0,1.732,0,0.677,5.334,3.772,0.906,35.87,0.677,5.334,3.772,0.906,35.87,2,10,2,1,0,5,0,8,2,3,3,12,6,2,0,6,0,2,5,2,1,0,2,0,8,1,2,2,9,2,2,0,6,0,0.032,0.161,0.032,0.016,0.0,0.081,0.0,0.129,0.032,0.048,0.048,0.194,0.097,0.032,0.0,0.097,0.0,1.0,5.0,1.0,0.5,0.0,2.5,0.0,4.0,1.0,1.5,1.5,6.0,3.0,1.0,0.0,3.0,0.0,71.667,10.965,16.271,4.04,6.955,13.062,0.207,0.258,0.354
49,23,7,52,4,0,35,2,179,24.5,89.5,3.653,26.0,1.061,11.5,0.469,179.22,142.729,217.885,3.658,2.913,89.61,71.364,4.447,108.942,4,4,0,0,0,0,0,0,0,0,0,0,0,0,0,0,0,0,0,0.082,0.082,0.0,0.0,0.0,0.0,0.0,0.0,0.0,0.0,0.0,0.0,0.0,0.0,0.0,0.0,0.0,0.0,0.0,2.0,2.0,0.0,0.0,0.0,0.0,0.0,0.0,0.0,0.0,0.0,0.0,0.0,0.0,0.0,0.0,0.0,0.0,0.0,1.0,0.625,1.0,1.0,1.0,0.5,0,1.0,0,1.0,0.75,0.714,0.286,0,0,1.0,0,1.732,1.768,1.0,1.0,1.0,1.0,0,2.646,0,1.0,1.5,1.89,0.756,0,0,2.236,0,1.225,1.25,0.707,0.707,0.707,0.707,0,1.871,0,0.707,1.061,1.336,0.535,0,0,1.581,0,0.714,5.0,3.536,0.914,37.568,0.714,5.0,3.536,0.914,37.568,3,8,1,1,1,4,0,7,0,1,4,7,7,0,0,5,0,3,5,1,1,1,2,0,7,0,1,3,5,2,0,0,5,0,0.061,0.163,0.02,0.02,0.02,0.082,0.0,0.143,0.0,0.02,0.082,0.143,0.143,0.0,0.0,0.102,0.0,1.5,4.0,0.5,0.5,0.5,2.0,0.0,3.5,0.0,0.5,2.0,3.5,3.5,0.0,0.0,2.5,0.0,92.188,6.487,13.065,0.0,4.472,8.026,0.163,0.204,0.28
43,19,2,57,9,1,37,1,195,43.0,195.0,4.535,57.0,1.326,19.0,0.442,130.2,108.175,185.968,3.028,2.516,130.2,108.175,4.325,185.968,7,2,0,1,0,2,0,0,0,1,0,0,0,0,0,0,0,1,0,0.163,0.047,0.0,0.023,0.0,0.047,0.0,0.0,0.0,0.023,0.0,0.0,0.0,0.0,0.0,0.0,0.0,0.023,0.0,7.0,2.0,0.0,1.0,0.0,2.0,0.0,0.0,0.0,1.0,0.0,0.0,0.0,0.0,0.0,0.0,0.0,1.0,0.0,1.0,0.8,1.0,1.0,0.5,0.333,0,1.0,1.0,1.0,0,1.0,1.0,1.0,0,1.0,0,1.732,1.789,1.414,1.0,0.707,0.816,0,2.0,1.0,1.0,0,3.464,1.414,1.0,0,1.732,0,1.225,1.265,1.0,0.707,0.5,0.577,0,1.414,0.707,0.707,0,2.449,1.0,0.707,0,1.225,0,0.86,5.642,3.99,0.96,86.762,0.86,5.642,3.99,0.96,86.762,3,5,2,1,2,6,0,4,1,1,0,12,2,1,0,3,0,3,4,2,1,1,2,0,4,1,1,0,12,2,1,0,3,0,0.07,0.116,0.047,0.023,0.047,0.14,0.0,0.093,0.023,0.023,0.0,0.279,0.047,0.023,0.0,0.07,0.0,3.0,5.0,2.0,1.0,2.0,6.0,0.0,4.0,1.0,1.0,0.0,12.0,2.0,1.0,0.0,3.0,0.0,51.046,16.822,25.572,5.713,10.177,21.429,0.143,0.179,0.246
34,19,1,42,4,0,29,1,145,34.0,145.0,4.265,42.0,1.235,19.0,0.559,137.02,110.8,161.855,4.03,3.259,137.02,110.8,4.76,161.855,3,1,0,0,1,0,0,0,1,0,0,0,0,0,0,0,0,0,0,0.088,0.029,0.0,0.0,0.029,0.0,0.0,0.0,0.029,0.0,0.0,0.0,0.0,0.0,0.0,0.0,0.0,0.0,0.0,3.0,1.0,0.0,0.0,1.0,0.0,0.0,0.0,1.0,0.0,0.0,0.0,0.0,0.0,0.0,0.0,0.0,0.0,0.0,1.0,0.667,0,1.0,1.0,0.5,0,1.0,0,0.5,1.0,1.0,1.0,0,0,1.0,0,1.0,1.633,0,1.0,1.0,1.0,0,2.236,0,0.707,1.732,2.449,1.0,0,0,2.0,0,0.707,1.155,0,0.707,0.707,0.707,0,1.581,0,0.5,1.225,1.732,0.707,0,0,1.414,0,0.853,4.973,3.517,0.955,71.283,0.853,4.973,3.517,0.955,71.283,1,6,0,1,1,4,0,5,0,2,3,6,1,0,0,4,0,1,4,0,1,1,2,0,5,0,1,3,6,1,0,0,4,0,0.029,0.176,0.0,0.029,0.029,0.118,0.0,0.147,0.0,0.059,0.088,0.176,0.029,0.0,0.0,0.118,0.0,1.0,6.0,0.0,1.0,1.0,4.0,0.0,5.0,0.0,2.0,3.0,6.0,1.0,0.0,0.0,4.0,0.0,67.819,12.246,18.306,0.0,8.406,15.657,0.113,0.142,0.194
33,14,3,38,4,0,28,1,130,33.0,130.0,3.939,38.0,1.152,14.0,0.424,120.43,91.762,146.9,3.649,2.781,120.43,91.762,4.452,146.9,4,1,0,0,1,0,0,0,0,0,0,0,0,0,0,0,0,0,2,0.121,0.03,0.0,0.0,0.03,0.0,0.0,0.0,0.0,0.0,0.0,0.0,0.0,0.0,0.0,0.0,0.0,0.0,0.061,4.0,1.0,0.0,0.0,1.0,0.0,0.0,0.0,0.0,0.0,0.0,0.0,0.0,0.0,0.0,0.0,0.0,0.0,2.0,1.0,0.6,0,0,0.5,0.333,0,1.0,1.0,0,1.0,1.0,1.0,0,0,1.0,0,1.0,1.342,0,0,0.707,0.577,0,2.449,2.236,0,1.0,2.236,1.732,0,0,1.414,0,0.707,0.949,0,0,0.5,0.408,0,1.732,1.581,0,0.707,1.581,1.225,0,0,1.0,0,0.848,4.874,3.447,0.953,67.58,0.848,4.874,3.447,0.953,67.58,1,5,0,0,2,3,0,6,5,0,1,5,3,0,0,2,0,1,3,0,0,1,1,0,6,5,0,1,5,3,0,0,2,0,0.03,0.152,0.0,0.0,0.061,0.091,0.0,0.182,0.152,0.0,0.03,0.152,0.091,0.0,0.0,0.061,0.0,1.0,5.0,0.0,0.0,2.0,3.0,0.0,6.0,5.0,0.0,1.0,5.0,3.0,0.0,0.0,2.0,0.0,75.922,10.868,18.048,0.0,6.467,13.625,0.11,0.138,0.189
21,6,4,28,4,1,19,1,87,21.0,87.0,4.143,28.0,1.333,6.0,0.286,70.59,50.886,62.175,3.361,2.423,70.59,50.886,2.961,62.175,1,0,0,0,0,0,0,0,0,0,1,0,0,0,0,0,0,0,0,0.048,0.0,0.0,0.0,0.0,0.0,0.0,0.0,0.0,0.0,0.048,0.0,0.0,0.0,0.0,0.0,0.0,0.0,0.0,1.0,0.0,0.0,0.0,0.0,0.0,0.0,0.0,0.0,0.0,1.0,0.0,0.0,0.0,0.0,0.0,0.0,0.0,0.0,1.0,1.0,0,1.0,0,0.5,0,1.0,0,1.0,0,1.0,0.75,0,0,1.0,0,1.0,1.414,0,1.0,0,0.707,0,1.732,0,1.0,0,2.236,1.5,0,0,1.414,0,0.707,1.0,0,0.707,0,0.5,0,1.225,0,0.707,0,1.581,1.061,0,0,1.0,0,0.905,4.146,2.932,0.967,86.625,0.905,4.146,2.932,0.967,86.625,1,2,0,1,0,2,0,3,0,1,0,5,4,0,0,2,0,1,2,0,1,0,1,0,3,0,1,0,5,3,0,0,2,0,0.048,0.095,0.0,0.048,0.0,0.095,0.0,0.143,0.0,0.048,0.0,0.238,0.19,0.0,0.0,0.095,0.0,1.0,2.0,0.0,1.0,0.0,2.0,0.0,3.0,0.0,1.0,0.0,5.0,4.0,0.0,0.0,2.0,0.0,72.72,8.333,16.019,5.713,7.15,8.583,0.07,0.087,0.12
36,13,6,43,4,0,29,1,146,36.0,146.0,4.056,43.0,1.194,13.0,0.361,116.37,103.548,130.83,3.232,2.876,116.37,103.548,3.634,130.83,5,3,0,0,0,1,0,0,0,0,0,0,1,0,0,0,0,0,0,0.139,0.083,0.0,0.0,0.0,0.028,0.0,0.0,0.0,0.0,0.0,0.0,0.028,0.0,0.0,0.0,0.0,0.0,0.0,5.0,3.0,0.0,0.0,0.0,1.0,0.0,0.0,0.0,0.0,0.0,0.0,1.0,0.0,0.0,0.0,0.0,0.0,0.0,1.0,0.833,0,0,0,0.667,0,1.0,1.0,1.0,0.5,1.0,0.5,0,0,1.0,0,1.0,2.041,0,0,0,1.155,0,2.828,1.0,1.414,0.707,2.236,1.225,0,0,1.414,0,0.707,1.443,0,0,0,0.816,0,2.0,0.707,1.0,0.5,1.581,0.866,0,0,1.0,0,0.806,4.833,3.418,0.94,52.44,0.806,4.833,3.418,0.94,52.44,1,6,0,0,0,3,0,8,1,2,2,5,6,0,0,2,0,1,5,0,0,0,2,0,8,1,2,1,5,3,0,0,2,0,0.028,0.167,0.0,0.0,0.0,0.083,0.0,0.222,0.028,0.056,0.056,0.139,0.167,0.0,0.0,0.056,0.0,1.0,6.0,0.0,0.0,0.0,3.0,0.0,8.0,1.0,2.0,2.0,5.0,6.0,0.0,0.0,2.0,0.0,69.245,12.544,18.844,0.0,7.224,15.672,0.12,0.15,0.206
29,15,3,37,4,0,25,1,120,29.0,120.0,4.138,37.0,1.276,15.0,0.517,111.56,93.626,129.493,3.847,3.228,111.56,93.626,4.465,129.493,2,1,0,0,0,1,0,0,0,0,0,0,0,0,0,0,0,0,0,0.069,0.034,0.0,0.0,0.0,0.034,0.0,0.0,0.0,0.0,0.0,0.0,0.0,0.0,0.0,0.0,0.0,0.0,0.0,2.0,1.0,0.0,0.0,0.0,1.0,0.0,0.0,0.0,0.0,0.0,0.0,0.0,0.0,0.0,0.0,0.0,0.0,0.0,1.0,0.8,0,1.0,0,1.0,0,1.0,0,0.667,1.0,1.0,0.667,1.0,0,1.0,0,1.0,1.789,0,1.0,0,1.414,0,1.732,0,1.155,1.414,1.732,1.155,1.0,0,2.236,0,0.707,1.265,0,0.707,0,1.0,0,1.225,0,0.816,1.0,1.225,0.816,0.707,0,1.581,0,0.862,4.642,3.283,0.956,69.81,0.862,4.642,3.283,0.956,69.81,1,5,0,1,0,2,0,3,0,3,2,3,3,1,0,5,0,1,4,0,1,0,2,0,3,0,2,2,3,2,1,0,5,0,0.034,0.172,0.0,0.034,0.0,0.069,0.0,0.103,0.0,0.103,0.069,0.103,0.103,0.034,0.0,0.172,0.0,1.0,5.0,0.0,1.0,0.0,2.0,0.0,3.0,0.0,3.0,2.0,3.0,3.0,1.0,0.0,5.0,0.0,69.462,10.775,17.117,0.0,7.51,12.56,0.097,0.121,0.166
28,12,2,41,4,0,26,1,128,28.0,128.0,4.571,41.0,1.464,12.0,0.429,136.44,91.738,130.807,4.873,3.276,136.44,91.738,4.672,130.807,2,1,0,0,1,0,0,0,0,0,0,0,0,0,0,0,0,0,0,0.071,0.036,0.0,0.0,0.036,0.0,0.0,0.0,0.0,0.0,0.0,0.0,0.0,0.0,0.0,0.0,0.0,0.0,0.0,2.0,1.0,0.0,0.0,1.0,0.0,0.0,0.0,0.0,0.0,0.0,0.0,0.0,0.0,0.0,0.0,0.0,0.0,0.0,1.0,1.0,0,0.5,1.0,0.667,0,1.0,0,0,1.0,1.0,1.0,1.0,0,1.0,0,1.414,2.236,0,0.707,1.0,1.155,0,2.236,0,0,1.0,1.732,1.414,1.0,0,1.732,0,1.0,1.581,0,0.5,0.707,0.816,0,1.581,0,0,0.707,1.225,1.0,0.707,0,1.225,0,0.929,4.914,3.474,0.978,143.24,0.929,4.914,3.474,0.978,143.24,2,5,0,2,1,3,0,5,0,0,1,3,2,1,0,3,0,2,5,0,1,1,2,0,5,0,0,1,3,2,1,0,3,0,0.071,0.179,0.0,0.071,0.036,0.107,0.0,0.179,0.0,0.0,0.036,0.107,0.071,0.036,0.0,0.107,0.0,2.0,5.0,0.0,2.0,1.0,3.0,0.0,5.0,0.0,0.0,1.0,3.0,2.0,1.0,0.0,3.0,0.0,54.536,12.609,16.914,0.0,10.023,14.101,0.093,0.117,0.16
17,5,2,29,3,1,17,1,85,17.0,85.0,5.0,29.0,1.706,5.0,0.294,66.98,55.905,64.124,3.94,3.289,66.98,55.905,3.772,64.124,2,1,0,0,0,0,0,0,0,0,0,0,0,0,0,0,0,0,1,0.118,0.059,0.0,0.0,0.0,0.0,0.0,0.0,0.0,0.0,0.0,0.0,0.0,0.0,0.0,0.0,0.0,0.0,0.059,2.0,1.0,0.0,0.0,0.0,0.0,0.0,0.0,0.0,0.0,0.0,0.0,0.0,0.0,0.0,0.0,0.0,0.0,1.0,0,1.0,0,0,0,1.0,0,1.0,0,1.0,0,1.0,1.0,1.0,0,1.0,0,0,1.0,0,0,0,1.414,0,1.732,0,1.0,0,2.0,1.414,1.0,0,1.732,0,0,0.707,0,0,0,1.0,0,1.225,0,0.707,0,1.414,1.0,0.707,0,1.225,0,1.0,4.123,2.915,1.0,0,1.0,4.123,2.915,1.0,0,0,1,0,0,0,2,0,3,0,1,0,4,2,1,0,3,0,0,1,0,0,0,2,0,3,0,1,0,4,2,1,0,3,0,0.0,0.059,0.0,0.0,0.0,0.118,0.0,0.176,0.0,0.059,0.0,0.235,0.118,0.059,0.0,0.176,0.0,0.0,1.0,0.0,0.0,0.0,2.0,0.0,3.0,0.0,1.0,0.0,4.0,2.0,1.0,0.0,3.0,0.0,45.262,11.169,13.859,5.713,11.859,10.62,0.057,0.071,0.097
35,14,5,48,6,1,30,1,150,35.0,150.0,4.286,48.0,1.371,14.0,0.4,124.61,101.7,117.872,3.56,2.906,124.61,101.7,3.368,117.872,4,3,0,0,1,0,0,0,0,0,0,0,0,0,0,0,0,0,0,0.114,0.086,0.0,0.0,0.029,0.0,0.0,0.0,0.0,0.0,0.0,0.0,0.0,0.0,0.0,0.0,0.0,0.0,0.0,4.0,3.0,0.0,0.0,1.0,0.0,0.0,0.0,0.0,0.0,0.0,0.0,0.0,0.0,0.0,0.0,0.0,0.0,0.0,0,1.0,1.0,1.0,1.0,1.0,0,0.8,1.0,1.0,1.0,0.833,0.4,1.0,0,1.0,0,0,2.0,1.414,1.0,1.0,1.0,0,1.789,1.0,1.0,1.414,2.041,0.894,1.0,0,2.236,0,0,1.414,1.0,0.707,0.707,0.707,0,1.265,0.707,0.707,1.0,1.443,0.632,0.707,0,1.581,0,0.857,5.071,3.586,0.957,75.044,0.857,5.071,3.586,0.957,75.044,0,4,2,1,1,1,0,5,1,1,2,6,5,1,0,5,0,0,4,2,1,1,1,0,4,1,1,2,5,2,1,0,5,0,0.0,0.114,0.057,0.029,0.029,0.029,0.0,0.143,0.029,0.029,0.057,0.171,0.143,0.029,0.0,0.143,0.0,0.0,4.0,2.0,1.0,1.0,1.0,0.0,5.0,1.0,1.0,2.0,6.0,5.0,1.0,0.0,5.0,0.0,55.287,14.243,20.857,5.713,8.554,16.256,0.117,0.146,0.2
65,28,6,90,7,2,50,2,285,32.5,142.5,4.385,45.0,1.385,14.0,0.431,265.39,236.087,272.84,4.083,3.632,132.695,118.043,4.198,136.42,4,3,0,0,0,1,0,0,0,0,0,0,0,0,0,0,0,0,0,0.062,0.046,0.0,0.0,0.0,0.015,0.0,0.0,0.0,0.0,0.0,0.0,0.0,0.0,0.0,0.0,0.0,0.0,0.0,2.0,1.5,0.0,0.0,0.0,0.5,0.0,0.0,0.0,0.0,0.0,0.0,0.0,0.0,0.0,0.0,0.0,0.0,0.0,1.0,0.857,1.0,0.5,0.4,0.667,0,0.933,0,0.5,1.0,0.6,0.333,0,0,1.0,0,1.414,2.268,1.414,0.707,0.894,1.155,0,3.615,0,1.0,2.236,1.342,0.816,0,0,3.0,0,1.0,1.604,1.0,0.5,0.632,0.816,0,2.556,0,0.707,1.581,0.949,0.577,0,0,2.121,0,0.769,6.202,4.385,0.937,58.331,0.769,6.202,4.385,0.937,58.331,2,7,2,2,5,3,0,15,0,4,5,5,6,0,0,9,0,2,6,2,1,2,2,0,14,0,2,5,3,2,0,0,9,0,0.031,0.108,0.031,0.031,0.077,0.046,0.0,0.231,0.0,0.062,0.077,0.077,0.092,0.0,0.0,0.138,0.0,1.0,3.5,1.0,1.0,2.5,1.5,0.0,7.5,0.0,2.0,2.5,2.5,3.0,0.0,0.0,4.5,0.0,56.709,13.423,17.308,5.713,9.071,15.472,0.217,0.271,0.371
53,25,7,57,3,0,39,2,208,26.5,104.0,3.925,28.5,1.075,12.5,0.472,218.16,199.588,232.945,4.116,3.766,109.08,99.794,4.395,116.473,5,1,0,0,0,1,0,0,0,0,0,0,0,1,0,0,0,0,2,0.094,0.019,0.0,0.0,0.0,0.019,0.0,0.0,0.0,0.0,0.0,0.0,0.0,0.019,0.0,0.0,0.0,0.0,0.038,2.5,0.5,0.0,0.0,0.0,0.5,0.0,0.0,0.0,0.0,0.0,0.0,0.0,0.5,0.0,0.0,0.0,0.0,1.0,1.0,1.0,1.0,0.667,1.0,0.25,0,0.889,0.5,1.0,0.75,1.0,0.429,0.5,0,1.0,0,1.414,2.236,1.732,1.155,1.0,0.5,0,2.667,0.707,1.0,1.5,2.0,1.134,0.707,0,2.449,0,1.0,1.581,1.225,0.816,0.707,0.354,0,1.886,0.5,0.707,1.061,1.414,0.802,0.5,0,1.732,0,0.736,5.357,3.788,0.923,43.757,0.736,5.357,3.788,0.923,43.757,2,5,3,3,1,4,0,9,2,1,4,4,7,2,0,6,0,2,5,3,2,1,1,0,8,1,1,3,4,3,1,0,6,0,0.038,0.094,0.057,0.057,0.019,0.075,0.0,0.17,0.038,0.019,0.075,0.075,0.132,0.038,0.0,0.113,0.0,1.0,2.5,1.5,1.5,0.5,2.0,0.0,4.5,1.0,0.5,2.0,2.0,3.5,1.0,0.0,3.0,0.0,88.953,7.436,12.864,0.0,6.159,10.305,0.177,0.221,0.303
71,24,12,81,5,1,52,2,281,35.5,140.5,3.958,40.5,1.141,12.0,0.338,235.88,184.381,283.909,3.322,2.597,117.94,92.19,3.999,141.955,8,5,0,0,1,1,0,0,0,0,0,0,1,0,0,0,0,0,0,0.113,0.07,0.0,0.0,0.014,0.014,0.0,0.0,0.0,0.0,0.0,0.0,0.014,0.0,0.0,0.0,0.0,0.0,0.0,4.0,2.5,0.0,0.0,0.5,0.5,0.0,0.0,0.0,0.0,0.0,0.0,0.5,0.0,0.0,0.0,0.0,0.0,0.0,1.0,0.75,1.0,1.0,0,0.4,0,0.889,1.0,1.0,0.6,0.929,0.25,1.0,0,1.0,0,2.236,2.121,1.414,1.414,0,0.894,0,2.667,1.0,1.0,1.342,3.474,0.866,1.0,0,2.449,0,1.581,1.5,1.0,1.0,0,0.632,0,1.886,0.707,0.707,0.949,2.457,0.612,0.707,0,1.732,0,0.732,6.171,4.364,0.927,50.13,0.732,6.171,4.364,0.927,50.13,5,8,2,2,0,5,0,9,1,1,5,14,12,1,0,6,0,5,6,2,2,0,2,0,8,1,1,3,13,3,1,0,6,0,0.07,0.113,0.028,0.028,0.0,0.07,0.0,0.127,0.014,0.014,0.07,0.197,0.169,0.014,0.0,0.085,0.0,2.5,4.0,1.0,1.0,0.0,2.5,0.0,4.5,0.5,0.5,2.5,7.0,6.0,0.5,0.0,3.0,0.0,74.287,11.717,17.017,4.04,6.638,14.961,0.237,0.296,0.406
45,23,3,57,7,0,36,1,201,45.0,201.0,4.467,57.0,1.267,23.0,0.511,200.49,179.983,217.417,4.455,4.0,200.49,179.983,4.831,217.417,3,1,0,1,1,0,0,0,0,0,0,0,0,0,0,0,0,0,0,0.067,0.022,0.0,0.022,0.022,0.0,0.0,0.0,0.0,0.0,0.0,0.0,0.0,0.0,0.0,0.0,0.0,0.0,0.0,3.0,1.0,0.0,1.0,1.0,0.0,0.0,0.0,0.0,0.0,0.0,0.0,0.0,0.0,0.0,0.0,0.0,0.0,0.0,1.0,0.5,1.0,1.0,1.0,0.25,0,1.0,0,1.0,0.75,1.0,0.667,1.0,0,1.0,0,1.414,1.225,1.732,1.414,1.0,0.5,0,2.828,0,1.0,1.5,2.0,1.155,1.0,0,2.449,0,1.0,0.866,1.225,1.0,0.707,0.354,0,2.0,0,0.707,1.061,1.414,0.816,0.707,0,1.732,0,0.8,5.367,3.795,0.941,57.549,0.8,5.367,3.795,0.941,57.549,2,6,3,2,1,4,0,8,0,1,4,4,3,1,0,6,0,2,3,3,2,1,1,0,8,0,1,3,4,2,1,0,6,0,0.044,0.133,0.067,0.044,0.022,0.089,0.0,0.178,0.0,0.022,0.089,0.089,0.067,0.022,0.0,0.133,0.0,2.0,6.0,3.0,2.0,1.0,4.0,0.0,8.0,0.0,1.0,4.0,4.0,3.0,1.0,0.0,6.0,0.0,54.0,16.907,24.222,0.0,9.806,22.108,0.15,0.188,0.257
20,7,4,26,2,0,16,1,89,20.0,89.0,4.45,26.0,1.3,7.0,0.35,56.43,53.571,68.672,2.822,2.679,56.43,53.571,3.434,68.672,4,0,0,0,1,2,0,0,0,0,0,0,0,0,0,0,0,0,1,0.2,0.0,0.0,0.0,0.05,0.1,0.0,0.0,0.0,0.0,0.0,0.0,0.0,0.0,0.0,0.0,0.0,0.0,0.05,4.0,0.0,0.0,0.0,1.0,2.0,0.0,0.0,0.0,0.0,0.0,0.0,0.0,0.0,0.0,0.0,0.0,0.0,1.0,1.0,1.0,0,1.0,0.5,0,0,1.0,1.0,0,0.5,1.0,0.5,0,0,1.0,0,1.0,1.0,0,1.0,0.707,0,0,2.0,1.0,0,0.707,1.732,1.0,0,0,1.0,0,0.707,0.707,0,0.707,0.5,0,0,1.414,0.707,0,0.5,1.225,0.707,0,0,0.707,0,0.8,3.578,2.53,0.926,34.45,0.8,3.578,2.53,0.926,34.45,1,1,0,1,2,0,0,4,1,0,2,3,4,0,0,1,0,1,1,0,1,1,0,0,4,1,0,1,3,2,0,0,1,0,0.05,0.05,0.0,0.05,0.1,0.0,0.0,0.2,0.05,0.0,0.1,0.15,0.2,0.0,0.0,0.05,0.0,1.0,1.0,0.0,1.0,2.0,0.0,0.0,4.0,1.0,0.0,2.0,3.0,4.0,0.0,0.0,1.0,0.0,76.555,7.55,12.0,0.0,8.886,9.53,0.067,0.083,0.114
54,23,8,61,3,1,33,3,228,18.0,76.0,4.222,20.333,1.13,7.667,0.426,188.12,169.833,247.214,3.484,3.145,62.707,56.611,4.578,82.405,5,0,0,0,4,0,0,0,0,1,0,0,0,0,0,0,0,0,0,0.093,0.0,0.0,0.0,0.074,0.0,0.0,0.0,0.0,0.019,0.0,0.0,0.0,0.0,0.0,0.0,0.0,0.0,0.0,1.667,0.0,0.0,0.0,1.333,0.0,0.0,0.0,0.0,0.333,0.0,0.0,0.0,0.0,0.0,0.0,0.0,0.0,0.0,1.0,0.667,0,0,1.0,0.143,0,1.0,0,1.0,0.4,0.444,0.375,1.0,0,1.0,0,1.414,1.633,0,0,1.0,0.378,0,2.236,0,1.0,0.894,1.333,1.061,1.0,0,3.0,0,1.0,1.155,0,0,0.707,0.267,0,1.581,0,0.707,0.632,0.943,0.75,0.707,0,2.121,0,0.611,4.491,3.175,0.877,24.825,0.611,4.491,3.175,0.877,24.825,2,6,0,0,1,7,0,5,0,1,5,9,8,1,0,9,0,2,4,0,0,1,1,0,5,0,1,2,4,3,1,0,9,0,0.037,0.111,0.0,0.0,0.019,0.13,0.0,0.093,0.0,0.019,0.093,0.167,0.148,0.019,0.0,0.167,0.0,0.667,2.0,0.0,0.0,0.333,2.333,0.0,1.667,0.0,0.333,1.667,3.0,2.667,0.333,0.0,3.0,0.0,92.998,4.76,9.422,3.298,7.382,7.457,0.18,0.225,0.309
17,7,2,27,4,0,15,1,88,17.0,88.0,5.176,27.0,1.588,7.0,0.412,67.85,29.0,65.764,3.991,1.706,67.85,29.0,3.868,65.764,5,0,1,0,1,1,0,0,0,0,0,0,1,0,0,0,0,0,1,0.294,0.0,0.059,0.0,0.059,0.059,0.0,0.0,0.0,0.0,0.0,0.0,0.059,0.0,0.0,0.0,0.0,0.0,0.059,5.0,0.0,1.0,0.0,1.0,1.0,0.0,0.0,0.0,0.0,0.0,0.0,1.0,0.0,0.0,0.0,0.0,0.0,1.0,0,0.5,0,0,1.0,0,0,1.0,0.833,0,0,1.0,1.0,0,0,1.0,0,0,0.707,0,0,1.0,0,0,1.414,2.041,0,0,1.414,1.414,0,0,1.414,0,0,0.5,0,0,0.707,0,0,1.0,1.443,0,0,1.0,1.0,0,0,1.0,0,0.882,3.638,2.572,0.956,58.592,0.882,3.638,2.572,0.956,58.592,0,2,0,0,1,0,0,2,6,0,0,2,2,0,0,2,0,0,1,0,0,1,0,0,2,5,0,0,2,2,0,0,2,0,0.0,0.118,0.0,0.0,0.059,0.0,0.0,0.118,0.353,0.0,0.0,0.118,0.118,0.0,0.0,0.118,0.0,0.0,2.0,0.0,0.0,1.0,0.0,0.0,2.0,6.0,0.0,0.0,2.0,2.0,0.0,0.0,2.0,0.0,55.215,9.781,16.212,0.0,12.896,11.451,0.057,0.071,0.097
17,7,2,27,4,0,15,1,88,17.0,88.0,5.176,27.0,1.588,7.0,0.412,67.85,29.0,65.764,3.991,1.706,67.85,29.0,3.868,65.764,5,0,1,0,1,1,0,0,0,0,0,0,1,0,0,0,0,0,1,0.294,0.0,0.059,0.0,0.059,0.059,0.0,0.0,0.0,0.0,0.0,0.0,0.059,0.0,0.0,0.0,0.0,0.0,0.059,5.0,0.0,1.0,0.0,1.0,1.0,0.0,0.0,0.0,0.0,0.0,0.0,1.0,0.0,0.0,0.0,0.0,0.0,1.0,0,0.5,0,0,1.0,0,0,1.0,0.833,0,0,1.0,1.0,0,0,1.0,0,0,0.707,0,0,1.0,0,0,1.414,2.041,0,0,1.414,1.414,0,0,1.414,0,0,0.5,0,0,0.707,0,0,1.0,1.443,0,0,1.0,1.0,0,0,1.0,0,0.882,3.638,2.572,0.956,58.592,0.882,3.638,2.572,0.956,58.592,0,2,0,0,1,0,0,2,6,0,0,2,2,0,0,2,0,0,1,0,0,1,0,0,2,5,0,0,2,2,0,0,2,0,0.0,0.118,0.0,0.0,0.059,0.0,0.0,0.118,0.353,0.0,0.0,0.118,0.118,0.0,0.0,0.118,0.0,0.0,2.0,0.0,0.0,1.0,0.0,0.0,2.0,6.0,0.0,0.0,2.0,2.0,0.0,0.0,2.0,0.0,55.215,9.781,16.212,0.0,12.896,11.451,0.057,0.071,0.097
24,10,2,34,5,0,21,1,108,24.0,108.0,4.5,34.0,1.417,10.0,0.417,93.66,76.405,106.567,3.903,3.184,93.66,76.405,4.44,106.567,2,1,0,0,0,1,0,0,0,0,0,0,0,0,0,0,0,0,0,0.083,0.042,0.0,0.0,0.0,0.042,0.0,0.0,0.0,0.0,0.0,0.0,0.0,0.0,0.0,0.0,0.0,0.0,0.0,2.0,1.0,0.0,0.0,0.0,1.0,0.0,0.0,0.0,0.0,0.0,0.0,0.0,0.0,0.0,0.0,0.0,0.0,0.0,0,1.0,0,0,1.0,0,0,1.0,0,0.333,1.0,1.0,1.0,1.0,0,1.0,0,0,1.732,0,0,1.0,0,0,1.414,0,0.577,1.414,1.732,1.414,1.0,0,2.646,0,0,1.225,0,0,0.707,0,0,1.0,0,0.408,1.0,1.225,1.0,0.707,0,1.871,0,0.875,4.287,3.031,0.958,69.415,0.875,4.287,3.031,0.958,69.415,0,3,0,0,1,0,0,2,0,3,2,3,2,1,0,7,0,0,3,0,0,1,0,0,2,0,1,2,3,2,1,0,7,0,0.0,0.125,0.0,0.0,0.042,0.0,0.0,0.083,0.0,0.125,0.083,0.125,0.083,0.042,0.0,0.292,0.0,0.0,3.0,0.0,0.0,1.0,0.0,0.0,2.0,0.0,3.0,2.0,3.0,2.0,1.0,0.0,7.0,0.0,62.625,10.487,17.933,0.0,9.427,11.765,0.08,0.1,0.137
37,18,2,54,6,2,32,1,178,37.0,178.0,4.811,54.0,1.459,18.0,0.486,150.67,131.679,180.744,4.072,3.559,150.67,131.679,4.885,180.744,3,1,0,0,0,0,0,0,0,0,0,0,1,0,0,0,0,0,1,0.081,0.027,0.0,0.0,0.0,0.0,0.0,0.0,0.0,0.0,0.0,0.0,0.027,0.0,0.0,0.0,0.0,0.0,0.027,3.0,1.0,0.0,0.0,0.0,0.0,0.0,0.0,0.0,0.0,0.0,0.0,1.0,0.0,0.0,0.0,0.0,0.0,1.0,0,0.75,1.0,0.75,1.0,0.5,0,1.0,1.0,1.0,1.0,1.0,1.0,0.5,0,1.0,0,0,1.5,1.0,1.5,1.0,0.707,0,2.236,1.0,1.0,2.0,2.236,1.414,0.707,0,2.236,0,0,1.061,0.707,1.061,0.707,0.5,0,1.581,0.707,0.707,1.414,1.581,1.0,0.5,0,1.581,0,0.865,5.261,3.72,0.96,82.733,0.865,5.261,3.72,0.96,82.733,0,4,1,4,1,2,0,5,1,1,4,5,2,2,0,5,0,0,3,1,3,1,1,0,5,1,1,4,5,2,1,0,5,0,0.0,0.108,0.027,0.108,0.027,0.054,0.0,0.135,0.027,0.027,0.108,0.135,0.054,0.054,0.0,0.135,0.0,0.0,4.0,1.0,4.0,1.0,2.0,0.0,5.0,1.0,1.0,4.0,5.0,2.0,2.0,0.0,5.0,0.0,45.81,16.062,21.286,8.079,11.688,19.729,0.123,0.154,0.211
47,13,7,60,4,1,37,1,207,47.0,207.0,4.404,60.0,1.277,13.0,0.277,123.5,102.641,142.751,2.628,2.184,123.5,102.641,3.037,142.751,9,6,0,0,1,2,0,0,0,0,0,0,0,0,0,0,0,0,0,0.191,0.128,0.0,0.0,0.021,0.043,0.0,0.0,0.0,0.0,0.0,0.0,0.0,0.0,0.0,0.0,0.0,0.0,0.0,9.0,6.0,0.0,0.0,1.0,2.0,0.0,0.0,0.0,0.0,0.0,0.0,0.0,0.0,0.0,0.0,0.0,0.0,0.0,1.0,0.75,1.0,1.0,1.0,1.0,0,1.0,0,0.5,1.0,0.929,0.286,1.0,0,1.0,0,1.0,1.5,1.0,1.0,1.0,1.0,0,2.0,0,1.0,1.0,3.474,0.756,1.0,0,2.646,0,0.707,1.061,0.707,0.707,0.707,0.707,0,1.414,0,0.707,0.707,2.457,0.535,0.707,0,1.871,0,0.787,5.397,3.816,0.938,54.503,0.787,5.397,3.816,0.938,54.503,1,4,1,1,1,1,0,4,0,4,1,14,7,1,0,7,0,1,3,1,1,1,1,0,4,0,2,1,13,2,1,0,7,0,0.021,0.085,0.021,0.021,0.021,0.021,0.0,0.085,0.0,0.085,0.021,0.298,0.149,0.021,0.0,0.149,0.0,1.0,4.0,1.0,1.0,1.0,1.0,0.0,4.0,0.0,4.0,1.0,14.0,7.0,1.0,0.0,7.0,0.0,51.13,17.804,22.204,5.713,9.467,22.814,0.157,0.196,0.269
21,13,2,26,2,1,20,1,92,21.0,92.0,4.381,26.0,1.238,13.0,0.619,87.68,64.869,91.55,4.175,3.089,87.68,64.869,4.36,91.55,3,0,0,0,1,1,0,0,0,0,0,0,0,0,0,0,0,1,0,0.143,0.0,0.0,0.0,0.048,0.048,0.0,0.0,0.0,0.0,0.0,0.0,0.0,0.0,0.0,0.0,0.0,0.048,0.0,3.0,0.0,0.0,0.0,1.0,1.0,0.0,0.0,0.0,0.0,0.0,0.0,0.0,0.0,0.0,0.0,0.0,1.0,0.0,1.0,1.0,0,1.0,1.0,0.5,0,1.0,0,1.0,1.0,1.0,1.0,1.0,0,1.0,0,1.414,1.732,0,1.0,1.0,0.707,0,1.732,0,1.0,1.0,1.414,1.414,1.0,0,1.414,0,1.0,1.225,0,0.707,0.707,0.5,0,1.225,0,0.707,0.707,1.0,1.0,0.707,0,1.0,0,0.952,4.364,3.086,0.984,183.939,0.952,4.364,3.086,0.984,183.939,2,3,0,1,1,2,0,3,0,1,1,2,2,1,0,2,0,2,3,0,1,1,1,0,3,0,1,1,2,2,1,0,2,0,0.095,0.143,0.0,0.048,0.048,0.095,0.0,0.143,0.0,0.048,0.048,0.095,0.095,0.048,0.0,0.095,0.0,2.0,3.0,0.0,1.0,1.0,2.0,0.0,3.0,0.0,1.0,1.0,2.0,2.0,1.0,0.0,2.0,0.0,80.777,7.21,12.21,5.713,8.55,9.704,0.07,0.087,0.12
34,16,4,46,6,0,27,1,145,34.0,145.0,4.265,46.0,1.353,16.0,0.471,156.08,120.167,151.047,4.591,3.534,156.08,120.167,4.443,151.047,3,1,0,0,0,2,0,0,0,0,0,0,0,0,0,0,0,0,0,0.088,0.029,0.0,0.0,0.0,0.059,0.0,0.0,0.0,0.0,0.0,0.0,0.0,0.0,0.0,0.0,0.0,0.0,0.0,3.0,1.0,0.0,0.0,0.0,2.0,0.0,0.0,0.0,0.0,0.0,0.0,0.0,0.0,0.0,0.0,0.0,0.0,0.0,0,0.6,0,0,1.0,0.5,0,1.0,0,1.0,0.667,1.0,0.5,1.0,0,1.0,0,0,1.342,0,0,1.0,1.0,0,2.646,0,1.0,1.155,2.0,1.0,1.0,0,2.0,0,0,0.949,0,0,0.707,0.707,0,1.871,0,0.707,0.816,1.414,0.707,0.707,0,1.414,0,0.794,4.63,3.274,0.935,47.121,0.794,4.63,3.274,0.935,47.121,0,5,0,0,1,4,0,7,0,1,3,4,4,1,0,4,0,0,3,0,0,1,2,0,7,0,1,2,4,2,1,0,4,0,0.0,0.147,0.0,0.0,0.029,0.118,0.0,0.206,0.0,0.029,0.088,0.118,0.118,0.029,0.0,0.118,0.0,0.0,5.0,0.0,0.0,1.0,4.0,0.0,7.0,0.0,1.0,3.0,4.0,4.0,1.0,0.0,4.0,0.0,57.866,13.635,20.659,0.0,8.406,15.657,0.113,0.142,0.194
84,40,8,98,6,0,57,4,330,21.0,82.5,3.929,24.5,1.167,10.0,0.476,359.77,285.71,376.5,4.283,3.401,89.943,71.428,4.482,94.125,7,1,0,0,4,2,0,0,0,0,0,0,0,0,0,0,0,0,0,0.083,0.012,0.0,0.0,0.048,0.024,0.0,0.0,0.0,0.0,0.0,0.0,0.0,0.0,0.0,0.0,0.0,0.0,0.0,1.75,0.25,0.0,0.0,1.0,0.5,0.0,0.0,0.0,0.0,0.0,0.0,0.0,0.0,0.0,0.0,0.0,0.0,0.0,1.0,0.667,1.0,0.5,0.25,0.286,0,1.0,0,0.667,0.667,0.625,0.25,1.0,0,0.923,0,2.0,2.309,1.414,1.0,0.5,0.756,0,3.606,0,1.155,1.155,1.768,0.707,1.732,0,3.328,0,1.414,1.633,1.0,0.707,0.354,0.535,0,2.55,0,0.816,0.816,1.25,0.5,1.225,0,2.353,0,0.679,6.219,4.398,0.912,42.155,0.679,6.219,4.398,0.912,42.155,4,12,2,4,4,7,0,13,0,3,3,8,8,3,0,13,0,4,8,2,2,1,2,0,13,0,2,2,5,2,3,0,12,0,0.048,0.143,0.024,0.048,0.048,0.083,0.0,0.155,0.0,0.036,0.036,0.095,0.095,0.036,0.0,0.155,0.0,1.0,3.0,0.5,1.0,1.0,1.75,0.0,3.25,0.0,0.75,0.75,2.0,2.0,0.75,0.0,3.25,0.0,86.82,6.367,11.257,0.0,5.89,7.574,0.28,0.35,0.48
60,21,6,83,8,0,43,2,272,30.0,136.0,4.533,41.5,1.383,10.5,0.35,193.8,179.695,228.661,3.23,2.995,96.9,89.848,3.811,114.331,10,6,0,0,3,0,0,0,0,0,0,0,1,0,0,0,0,0,0,0.167,0.1,0.0,0.0,0.05,0.0,0.0,0.0,0.0,0.0,0.0,0.0,0.017,0.0,0.0,0.0,0.0,0.0,0.0,5.0,3.0,0.0,0.0,1.5,0.0,0.0,0.0,0.0,0.0,0.0,0.0,0.5,0.0,0.0,0.0,0.0,0.0,0.0,0,0.625,1.0,1.0,0,0.667,0,0.9,0,0.667,0.5,0.714,0.333,1.0,0,1.0,0,0,1.768,1.732,1.414,0,1.155,0,2.846,0,1.155,0.707,2.673,0.816,1.0,0,2.828,0,0,1.25,1.225,1.0,0,0.816,0,2.012,0,0.816,0.5,1.89,0.577,0.707,0,2.0,0,0.717,5.551,3.925,0.919,42.464,0.717,5.551,3.925,0.919,42.464,0,8,3,2,0,3,0,10,0,3,2,14,6,1,0,8,0,0,5,3,2,0,2,0,9,0,2,1,10,2,1,0,8,0,0.0,0.133,0.05,0.033,0.0,0.05,0.0,0.167,0.0,0.05,0.033,0.233,0.1,0.017,0.0,0.133,0.0,0.0,4.0,1.5,1.0,0.0,1.5,0.0,5.0,0.0,1.5,1.0,7.0,3.0,0.5,0.0,4.0,0.0,59.355,12.433,17.333,0.0,9.869,14.922,0.2,0.25,0.343
14,3,2,14,1,0,14,1,60,14.0,60.0,4.286,14.0,1.0,3.0,0.214,45.33,51.0,61.358,3.238,3.643,45.33,51.0,4.383,61.358,1,1,0,0,0,0,0,0,0,0,0,0,0,0,0,0,0,0,0,0.071,0.071,0.0,0.0,0.0,0.0,0.0,0.0,0.0,0.0,0.0,0.0,0.0,0.0,0.0,0.0,0.0,0.0,0.0,1.0,1.0,0.0,0.0,0.0,0.0,0.0,0.0,0.0,0.0,0.0,0.0,0.0,0.0,0.0,0.0,0.0,0.0,0.0,1.0,0,0,0,1.0,1.0,0,1.0,0,0,0,1.0,1.0,0,0,1.0,0,2.0,0,0,0,1.0,1.0,0,1.732,0,0,0,1.414,1.414,0,0,1.0,0,1.414,0,0,0,0.707,0.707,0,1.225,0,0,0,1.0,1.0,0,0,0.707,0,1.0,3.742,2.646,1.0,0,1.0,3.742,2.646,1.0,0,4,0,0,0,1,1,0,3,0,0,0,2,2,0,0,1,0,4,0,0,0,1,1,0,3,0,0,0,2,2,0,0,1,0,0.286,0.0,0.0,0.0,0.071,0.071,0.0,0.214,0.0,0.0,0.0,0.143,0.143,0.0,0.0,0.071,0.0,4.0,0.0,0.0,0.0,1.0,1.0,0.0,3.0,0.0,0.0,0.0,2.0,2.0,0.0,0.0,1.0,0.0,108.025,1.67,8.457,0.0,7.286,5.756,0.047,0.058,0.08
28,14,4,33,2,1,25,2,119,14.0,59.5,4.25,16.5,1.179,7.0,0.5,111.4,98.167,128.106,3.979,3.506,55.7,49.083,4.575,64.053,3,1,0,0,0,0,0,0,0,0,0,0,1,0,0,0,0,0,1,0.107,0.036,0.0,0.0,0.0,0.0,0.0,0.0,0.0,0.0,0.0,0.0,0.036,0.0,0.0,0.0,0.0,0.0,0.036,1.5,0.5,0.0,0.0,0.0,0.0,0.0,0.0,0.0,0.0,0.0,0.0,0.5,0.0,0.0,0.0,0.0,0.0,0.5,1.0,1.0,1.0,0,1.0,1.0,0,1.0,1.0,0,1.0,1.0,0.5,0,0,0.5,0,1.414,2.236,1.414,0,1.0,1.414,0,2.449,1.414,0,1.0,1.0,1.0,0,0,0.707,0,1.0,1.581,1.0,0,0.707,1.0,0,1.732,1.0,0,0.707,0.707,0.707,0,0,0.5,0,0.893,4.725,3.341,0.966,91.426,0.893,4.725,3.341,0.966,91.426,2,5,2,0,1,2,0,6,2,0,1,1,4,0,0,2,0,2,5,2,0,1,2,0,6,2,0,1,1,2,0,0,1,0,0.071,0.179,0.071,0.0,0.036,0.071,0.0,0.214,0.071,0.0,0.036,0.036,0.143,0.0,0.0,0.071,0.0,1.0,2.5,1.0,0.0,0.5,1.0,0.0,3.0,1.0,0.0,0.5,0.5,2.0,0.0,0.0,1.0,0.0,92.918,3.777,8.457,4.04,7.076,5.587,0.093,0.117,0.16
17,5,5,18,1,0,14,1,66,17.0,66.0,3.882,18.0,1.059,5.0,0.294,68.24,54.5,62.588,4.014,3.206,68.24,54.5,3.682,62.588,1,1,0,0,0,0,0,0,0,0,0,0,0,0,0,0,0,0,0,0.059,0.059,0.0,0.0,0.0,0.0,0.0,0.0,0.0,0.0,0.0,0.0,0.0,0.0,0.0,0.0,0.0,0.0,0.0,1.0,1.0,0.0,0.0,0.0,0.0,0.0,0.0,0.0,0.0,0.0,0.0,0.0,0.0,0.0,0.0,0.0,0.0,0.0,1.0,1.0,0,1.0,1.0,0,1.0,1.0,0,0,0,1.0,0.4,0,0,1.0,0,1.414,1.0,0,1.0,1.414,0,1.0,1.414,0,0,0,1.414,0.894,0,0,1.0,0,1.0,0.707,0,0.707,1.0,0,0.707,1.0,0,0,0,1.0,0.632,0,0,0.707,0,0.824,3.395,2.401,0.931,35.871,0.824,3.395,2.401,0.931,35.871,2,1,0,1,2,0,1,2,0,0,0,2,5,0,0,1,0,2,1,0,1,2,0,1,2,0,0,0,2,2,0,0,1,0,0.118,0.059,0.0,0.059,0.118,0.0,0.059,0.118,0.0,0.0,0.0,0.118,0.294,0.0,0.0,0.059,0.0,2.0,1.0,0.0,1.0,2.0,0.0,1.0,2.0,0.0,0.0,0.0,2.0,5.0,0.0,0.0,1.0,0.0,100.004,3.534,9.153,0.0,5.287,5.356,0.057,0.071,0.097
35,13,6,41,5,0,31,1,141,35.0,141.0,4.029,41.0,1.171,13.0,0.371,143.36,129.3,144.471,4.096,3.694,143.36,129.3,4.128,144.471,1,1,0,0,0,0,0,0,0,0,0,0,0,0,0,0,0,0,0,0.029,0.029,0.0,0.0,0.0,0.0,0.0,0.0,0.0,0.0,0.0,0.0,0.0,0.0,0.0,0.0,0.0,0.0,0.0,1.0,1.0,0.0,0.0,0.0,0.0,0.0,0.0,0.0,0.0,0.0,0.0,0.0,0.0,0.0,0.0,0.0,0.0,0.0,1.0,1.0,1.0,1.0,0,0.75,0,1.0,0,1.0,1.0,1.0,0.5,0,0,1.0,0,2.0,1.0,1.0,1.414,0,1.5,0,2.236,0,1.414,1.732,1.414,1.225,0,0,2.236,0,1.414,0.707,0.707,1.0,0,1.061,0,1.581,0,1.0,1.225,1.0,0.866,0,0,1.581,0,0.886,5.24,3.705,0.966,97.167,0.886,5.24,3.705,0.966,97.167,4,1,1,2,0,4,0,5,0,2,3,2,6,0,0,5,0,4,1,1,2,0,3,0,5,0,2,3,2,3,0,0,5,0,0.114,0.029,0.029,0.057,0.0,0.114,0.0,0.143,0.0,0.057,0.086,0.057,0.171,0.0,0.0,0.143,0.0,4.0,1.0,1.0,2.0,0.0,4.0,0.0,5.0,0.0,2.0,3.0,2.0,6.0,0.0,0.0,5.0,0.0,72.207,11.883,19.714,0.0,7.042,15.045,0.117,0.146,0.2
28,14,2,30,1,0,23,2,103,14.0,51.5,3.679,15.0,1.071,7.0,0.5,127.11,90.371,143.304,4.54,3.228,63.555,45.186,5.118,71.652,2,1,1,0,0,0,0,0,0,0,0,0,0,0,0,0,0,0,0,0.071,0.036,0.036,0.0,0.0,0.0,0.0,0.0,0.0,0.0,0.0,0.0,0.0,0.0,0.0,0.0,0.0,0.0,0.0,1.0,0.5,0.5,0.0,0.0,0.0,0.0,0.0,0.0,0.0,0.0,0.0,0.0,0.0,0.0,0.0,0.0,0.0,0.0,1.0,1.0,1.0,0.5,0.5,0.667,0,1.0,0,1.0,1.0,1.0,0.5,0,0,1.0,0,1.0,1.732,1.0,0.707,0.707,1.155,0,2.828,0,1.414,1.0,1.0,0.707,0,0,1.414,0,0.707,1.225,0.707,0.5,0.5,0.816,0,2.0,0,1.0,0.707,0.707,0.5,0,0,1.0,0,0.821,4.347,3.074,0.941,49.979,0.821,4.347,3.074,0.941,49.979,1,3,1,2,2,3,0,8,0,2,1,1,2,0,0,2,0,1,3,1,1,1,2,0,8,0,2,1,1,1,0,0,2,0,0.036,0.107,0.036,0.071,0.071,0.107,0.0,0.286,0.0,0.071,0.036,0.036,0.071,0.0,0.0,0.071,0.0,0.5,1.5,0.5,1.0,1.0,1.5,0.0,4.0,0.0,1.0,0.5,0.5,1.0,0.0,0.0,1.0,0.0,101.982,2.513,7.029,0.0,3.716,2.896,0.093,0.117,0.16
30,16,3,37,3,0,23,1,126,30.0,126.0,4.2,37.0,1.233,16.0,0.533,146.61,104.805,151.206,4.887,3.493,146.61,104.805,5.04,151.206,1,1,0,0,0,0,0,0,0,0,0,0,0,0,0,0,0,0,0,0.033,0.033,0.0,0.0,0.0,0.0,0.0,0.0,0.0,0.0,0.0,0.0,0.0,0.0,0.0,0.0,0.0,0.0,0.0,1.0,1.0,0.0,0.0,0.0,0.0,0.0,0.0,0.0,0.0,0.0,0.0,0.0,0.0,0.0,0.0,0.0,0.0,0.0,1.0,1.0,1.0,0.5,0.333,0,0,1.0,0,0,0.8,1.0,0.667,1.0,0,1.0,0,1.732,1.414,1.414,1.0,0.577,0,0,1.732,0,0,1.789,1.0,1.155,1.0,0,1.732,0,1.225,1.0,1.0,0.707,0.408,0,0,1.225,0,0,1.265,0.707,0.816,0.707,0,1.225,0,0.767,4.199,2.969,0.922,37.001,0.767,4.199,2.969,0.922,37.001,3,2,2,4,3,0,0,3,0,0,5,1,3,1,0,3,0,3,2,2,2,1,0,0,3,0,0,4,1,2,1,0,3,0,0.1,0.067,0.067,0.133,0.1,0.0,0.0,0.1,0.0,0.0,0.167,0.033,0.1,0.033,0.0,0.1,0.0,3.0,2.0,2.0,4.0,3.0,0.0,0.0,3.0,0.0,0.0,5.0,1.0,3.0,1.0,0.0,3.0,0.0,72.045,10.663,16.0,0.0,7.909,13.352,0.1,0.125,0.171
17,11,2,22,2,0,15,1,69,17.0,69.0,4.059,22.0,1.294,11.0,0.647,77.97,54.714,84.245,4.586,3.218,77.97,54.714,4.956,84.245,1,0,0,0,0,0,0,1,0,0,0,0,0,0,0,0,0,0,0,0.059,0.0,0.0,0.0,0.0,0.0,0.0,0.059,0.0,0.0,0.0,0.0,0.0,0.0,0.0,0.0,0.0,0.0,0.0,1.0,0.0,0.0,0.0,0.0,0.0,0.0,1.0,0.0,0.0,0.0,0.0,0.0,0.0,0.0,0.0,0.0,0.0,0.0,1.0,1.0,0,0.5,0,0.667,0,1.0,0,0,1.0,1.0,1.0,0,0,0,0,1.0,1.414,0,0.707,0,1.155,0,1.732,0,0,1.732,1.0,1.414,0,0,0,0,0.707,1.0,0,0.5,0,0.816,0,1.225,0,0,1.225,0.707,1.0,0,0,0,0,0.882,3.638,2.572,0.956,58.592,0.882,3.638,2.572,0.956,58.592,1,2,0,2,0,3,0,3,0,0,3,1,2,0,0,0,0,1,2,0,1,0,2,0,3,0,0,3,1,2,0,0,0,0,0.059,0.118,0.0,0.118,0.0,0.176,0.0,0.176,0.0,0.0,0.176,0.059,0.118,0.0,0.0,0.0,0.0,1.0,2.0,0.0,2.0,0.0,3.0,0.0,3.0,0.0,0.0,3.0,1.0,2.0,0.0,0.0,0.0,0.0,80.098,6.311,11.506,0.0,6.325,6.187,0.057,0.071,0.097
17,5,2,20,1,0,17,1,68,17.0,68.0,4.0,20.0,1.176,5.0,0.294,39.68,36.395,55.883,2.334,2.141,39.68,36.395,3.287,55.883,2,1,0,0,1,0,0,0,0,0,0,0,0,0,0,0,0,0,0,0.118,0.059,0.0,0.0,0.059,0.0,0.0,0.0,0.0,0.0,0.0,0.0,0.0,0.0,0.0,0.0,0.0,0.0,0.0,2.0,1.0,0.0,0.0,1.0,0.0,0.0,0.0,0.0,0.0,0.0,0.0,0.0,0.0,0.0,0.0,0.0,0.0,0.0,1.0,1.0,0,0,0,1.0,0,1.0,0,1.0,0,1.0,1.0,0,0,1.0,0,1.0,1.732,0,0,0,1.0,0,1.732,0,1.0,0,2.0,1.414,0,0,1.414,0,0.707,1.225,0,0,0,0.707,0,1.225,0,0.707,0,1.414,1.0,0,0,1.0,0,1.0,4.123,2.915,1.0,0,1.0,4.123,2.915,1.0,0,1,3,0,0,0,1,0,3,0,1,0,4,2,0,0,2,0,1,3,0,0,0,1,0,3,0,1,0,4,2,0,0,2,0,0.059,0.176,0.0,0.0,0.0,0.059,0.0,0.176,0.0,0.059,0.0,0.235,0.118,0.0,0.0,0.118,0.0,1.0,3.0,0.0,0.0,0.0,1.0,0.0,3.0,0.0,1.0,0.0,4.0,2.0,0.0,0.0,2.0,0.0,90.051,4.922,9.153,0.0,5.979,5.91,0.057,0.071,0.097
13,3,1,20,1,1,12,1,61,13.0,61.0,4.692,20.0,1.538,3.0,0.231,73.93,63.548,55.684,5.687,4.888,73.93,63.548,4.283,55.684,1,1,0,0,0,0,0,0,0,0,0,0,0,0,0,0,0,0,0,0.077,0.077,0.0,0.0,0.0,0.0,0.0,0.0,0.0,0.0,0.0,0.0,0.0,0.0,0.0,0.0,0.0,0.0,0.0,1.0,1.0,0.0,0.0,0.0,0.0,0.0,0.0,0.0,0.0,0.0,0.0,0.0,0.0,0.0,0.0,0.0,0.0,0.0,1.0,1.0,0,0,0,0.5,0,1.0,0,0,0,1.0,1.0,0,0,1.0,0,1.414,1.0,0,0,0,0.707,0,1.732,0,0,0,1.0,1.0,0,0,1.732,0,1.0,0.707,0,0,0,0.5,0,1.225,0,0,0,0.707,0.707,0,0,1.225,0,0.923,3.328,2.353,0.969,77.143,0.923,3.328,2.353,0.969,77.143,2,1,0,0,0,2,0,3,0,0,0,1,1,0,0,3,0,2,1,0,0,0,1,0,3,0,0,0,1,1,0,0,3,0,0.154,0.077,0.0,0.0,0.0,0.154,0.0,0.231,0.0,0.0,0.0,0.077,0.077,0.0,0.0,0.231,0.0,2.0,1.0,0.0,0.0,0.0,2.0,0.0,3.0,0.0,0.0,0.0,1.0,1.0,0.0,0.0,3.0,0.0,63.486,7.634,8.277,5.713,9.514,7.171,0.043,0.054,0.074
30,11,4,34,3,0,26,2,119,15.0,59.5,3.967,17.0,1.133,5.5,0.367,84.3,71.786,115.563,2.81,2.393,42.15,35.893,3.852,57.781,7,1,1,0,2,0,0,0,0,0,0,0,1,0,0,0,0,1,1,0.233,0.033,0.033,0.0,0.067,0.0,0.0,0.0,0.0,0.0,0.0,0.0,0.033,0.0,0.0,0.0,0.0,0.033,0.033,3.5,0.5,0.5,0.0,1.0,0.0,0.0,0.0,0.0,0.0,0.0,0.0,0.5,0.0,0.0,0.0,0.0,0.5,0.5,1.0,1.0,0,0.5,1.0,1.0,0,1.0,1.0,0,1.0,1.0,0.5,0,0,0.5,0,1.732,1.732,0,0.707,1.0,1.414,0,1.732,1.0,0,1.414,2.646,1.0,0,0,0.707,0,1.225,1.225,0,0.5,0.707,1.0,0,1.225,0.707,0,1.0,1.871,0.707,0,0,0.5,0,0.867,4.747,3.357,0.958,74.18,0.867,4.747,3.357,0.958,74.18,3,3,0,2,1,2,0,3,1,0,2,7,4,0,0,2,0,3,3,0,1,1,2,0,3,1,0,2,7,2,0,0,1,0,0.1,0.1,0.0,0.067,0.033,0.067,0.0,0.1,0.033,0.0,0.067,0.233,0.133,0.0,0.0,0.067,0.0,1.5,1.5,0.0,1.0,0.5,1.0,0.0,1.5,0.5,0.0,1.0,3.5,2.0,0.0,0.0,1.0,0.0,95.73,3.633,10.0,0.0,5.551,4.753,0.1,0.125,0.171
48,20,7,52,3,0,37,1,196,48.0,196.0,4.083,52.0,1.083,20.0,0.417,153.62,135.34,216.8,3.2,2.82,153.62,135.34,4.517,216.8,7,2,1,0,1,1,0,0,0,0,0,0,1,0,0,0,0,0,1,0.146,0.042,0.021,0.0,0.021,0.021,0.0,0.0,0.0,0.0,0.0,0.0,0.021,0.0,0.0,0.0,0.0,0.0,0.021,7.0,2.0,1.0,0.0,1.0,1.0,0.0,0.0,0.0,0.0,0.0,0.0,1.0,0.0,0.0,0.0,0.0,0.0,1.0,1.0,0.8,0,0.5,1.0,0.25,0,0.8,1.0,0,1.0,1.0,0.286,1.0,0,1.0,0,1.0,1.789,0,0.707,1.414,0.5,0,1.789,1.732,0,1.414,3.162,0.756,1.414,0,2.236,0,0.707,1.265,0,0.5,1.0,0.354,0,1.265,1.225,0,1.0,2.236,0.535,1.0,0,1.581,0,0.771,5.34,3.776,0.933,50.094,0.771,5.34,3.776,0.933,50.094,1,5,0,2,2,4,0,5,3,0,2,10,7,2,0,5,0,1,4,0,1,2,1,0,4,3,0,2,10,2,2,0,5,0,0.021,0.104,0.0,0.042,0.042,0.083,0.0,0.104,0.062,0.0,0.042,0.208,0.146,0.042,0.0,0.104,0.0,1.0,5.0,0.0,2.0,2.0,4.0,0.0,5.0,3.0,0.0,2.0,10.0,7.0,2.0,0.0,5.0,0.0,66.465,15.913,21.7,0.0,7.593,21.803,0.16,0.2,0.274
24,7,4,27,1,0,22,1,102,24.0,102.0,4.25,27.0,1.125,7.0,0.292,60.14,56.532,85.17,2.506,2.356,60.14,56.532,3.549,85.17,5,2,1,0,1,0,1,0,0,0,0,0,0,0,0,0,0,0,0,0.208,0.083,0.042,0.0,0.042,0.0,0.042,0.0,0.0,0.0,0.0,0.0,0.0,0.0,0.0,0.0,0.0,0.0,0.0,5.0,2.0,1.0,0.0,1.0,0.0,1.0,0.0,0.0,0.0,0.0,0.0,0.0,0.0,0.0,0.0,0.0,0.0,0.0,0,0.5,0,0,1.0,1.0,0,1.0,0,1.0,1.0,1.0,0.5,1.0,0,1.0,0,0,0.707,0,0,1.0,1.0,0,2.0,0,1.414,1.0,2.449,1.0,1.0,0,1.732,0,0,0.5,0,0,0.707,0.707,0,1.414,0,1.0,0.707,1.732,0.707,0.707,0,1.225,0,0.917,4.491,3.175,0.973,109.808,0.917,4.491,3.175,0.973,109.808,0,2,0,0,1,1,0,4,0,2,1,6,4,1,0,3,0,0,1,0,0,1,1,0,4,0,2,1,6,2,1,0,3,0,0.0,0.083,0.0,0.0,0.042,0.042,0.0,0.167,0.0,0.083,0.042,0.25,0.167,0.042,0.0,0.125,0.0,0.0,2.0,0.0,0.0,1.0,1.0,0.0,4.0,0.0,2.0,1.0,6.0,4.0,1.0,0.0,3.0,0.0,87.3,7.045,11.267,0.0,7.957,10.587,0.08,0.1,0.137
33,9,6,38,1,0,23,2,132,16.5,66.0,4.0,19.0,1.152,4.5,0.273,75.13,71.348,110.188,2.277,2.162,37.565,35.674,3.339,55.094,7,5,0,0,2,0,0,0,0,0,0,0,0,0,0,0,0,0,0,0.212,0.152,0.0,0.0,0.061,0.0,0.0,0.0,0.0,0.0,0.0,0.0,0.0,0.0,0.0,0.0,0.0,0.0,0.0,3.5,2.5,0.0,0.0,1.0,0.0,0.0,0.0,0.0,0.0,0.0,0.0,0.0,0.0,0.0,0.0,0.0,0.0,0.0,1.0,0.8,0,1.0,0,0,0,1.0,0,0.5,1.0,0.7,0.333,0,0,1.0,0,1.0,1.789,0,1.0,0,0,0,2.0,0,0.707,1.0,2.214,0.816,0,0,1.732,0,0.707,1.265,0,0.707,0,0,0,1.414,0,0.5,0.707,1.565,0.577,0,0,1.225,0,0.697,4.004,2.831,0.897,27.233,0.697,4.004,2.831,0.897,27.233,1,5,0,1,0,0,0,4,0,2,1,10,6,0,0,3,0,1,4,0,1,0,0,0,4,0,1,1,7,2,0,0,3,0,0.03,0.152,0.0,0.03,0.0,0.0,0.0,0.121,0.0,0.061,0.03,0.303,0.182,0.0,0.0,0.091,0.0,0.5,2.5,0.0,0.5,0.0,0.0,0.0,2.0,0.0,1.0,0.5,5.0,3.0,0.0,0.0,1.5,0.0,92.669,4.433,7.812,0.0,5.926,5.66,0.11,0.138,0.189
33,14,3,36,1,0,29,1,138,33.0,138.0,4.182,36.0,1.091,14.0,0.424,115.32,97.452,160.869,3.495,2.953,115.32,97.452,4.875,160.869,3,2,0,0,1,0,0,0,0,0,0,0,0,0,0,0,0,0,0,0.091,0.061,0.0,0.0,0.03,0.0,0.0,0.0,0.0,0.0,0.0,0.0,0.0,0.0,0.0,0.0,0.0,0.0,0.0,3.0,2.0,0.0,0.0,1.0,0.0,0.0,0.0,0.0,0.0,0.0,0.0,0.0,0.0,0.0,0.0,0.0,0.0,0.0,0,1.0,1.0,0,1.0,0.5,0,1.0,0,0.5,1.0,1.0,0.667,1.0,0,1.0,0,0,1.732,1.0,0,1.0,1.0,0,2.0,0,0.707,1.0,2.646,1.155,1.0,0,2.449,0,0,1.225,0.707,0,0.707,0.707,0,1.414,0,0.5,0.707,1.871,0.816,0.707,0,1.732,0,0.879,5.048,3.57,0.963,87.753,0.879,5.048,3.57,0.963,87.753,0,3,1,0,1,4,0,4,0,2,1,7,3,1,0,6,0,0,3,1,0,1,2,0,4,0,1,1,7,2,1,0,6,0,0.0,0.091,0.03,0.0,0.03,0.121,0.0,0.121,0.0,0.061,0.03,0.212,0.091,0.03,0.0,0.182,0.0,0.0,3.0,1.0,0.0,1.0,4.0,0.0,4.0,0.0,2.0,1.0,7.0,3.0,1.0,0.0,6.0,0.0,81.049,10.153,14.412,0.0,7.892,14.766,0.11,0.138,0.189
37,11,6,43,2,0,30,1,155,37.0,155.0,4.189,43.0,1.162,11.0,0.297,97.16,68.167,133.029,2.626,1.842,97.16,68.167,3.595,133.029,6,3,0,0,2,0,0,0,0,0,0,0,0,0,0,0,0,0,1,0.162,0.081,0.0,0.0,0.054,0.0,0.0,0.0,0.0,0.0,0.0,0.0,0.0,0.0,0.0,0.0,0.0,0.0,0.027,6.0,3.0,0.0,0.0,2.0,0.0,0.0,0.0,0.0,0.0,0.0,0.0,0.0,0.0,0.0,0.0,0.0,0.0,1.0,1.0,0.6,1.0,1.0,1.0,0.5,0,1.0,1.0,0,1.0,1.0,0.333,1.0,0,1.0,0,1.0,1.342,1.0,1.0,1.0,0.707,0,2.236,1.0,0,1.0,3.317,0.816,1.0,0,1.0,0,0.707,0.949,0.707,0.707,0.707,0.5,0,1.581,0.707,0,0.707,2.345,0.577,0.707,0,0.707,0,0.811,4.932,3.487,0.942,55.16,0.811,4.932,3.487,0.942,55.16,1,5,1,1,1,2,0,5,1,0,1,11,6,1,0,1,0,1,3,1,1,1,1,0,5,1,0,1,11,2,1,0,1,0,0.027,0.135,0.027,0.027,0.027,0.054,0.0,0.135,0.027,0.0,0.027,0.297,0.162,0.027,0.0,0.027,0.0,1.0,5.0,1.0,1.0,1.0,2.0,0.0,5.0,1.0,0.0,1.0,11.0,6.0,1.0,0.0,1.0,0.0,70.961,12.554,16.962,0.0,8.032,16.801,0.123,0.154,0.211
23,8,3,29,2,0,22,1,98,23.0,98.0,4.261,29.0,1.261,8.0,0.348,75.24,57.944,92.554,3.271,2.519,75.24,57.944,4.024,92.554,4,2,0,0,1,0,0,0,0,0,0,0,1,0,0,0,0,0,0,0.174,0.087,0.0,0.0,0.043,0.0,0.0,0.0,0.0,0.0,0.0,0.0,0.043,0.0,0.0,0.0,0.0,0.0,0.0,4.0,2.0,0.0,0.0,1.0,0.0,0.0,0.0,0.0,0.0,0.0,0.0,1.0,0.0,0.0,0.0,0.0,0.0,0.0,1.0,1.0,0,0,0,1.0,0,1.0,0,1.0,1.0,1.0,0.667,0,0,1.0,0,1.0,1.732,0,0,0,1.414,0,2.0,0,1.0,1.0,2.236,1.155,0,0,1.732,0,0.707,1.225,0,0,0,1.0,0,1.414,0,0.707,0.707,1.581,0.816,0,0,1.225,0,0.957,4.587,3.244,0.986,214.942,0.957,4.587,3.244,0.986,214.942,1,3,0,0,0,2,0,4,0,1,1,5,3,0,0,3,0,1,3,0,0,0,2,0,4,0,1,1,5,2,0,0,3,0,0.043,0.13,0.0,0.0,0.0,0.087,0.0,0.174,0.0,0.043,0.043,0.217,0.13,0.0,0.0,0.13,0.0,1.0,3.0,0.0,0.0,0.0,2.0,0.0,4.0,0.0,1.0,1.0,5.0,3.0,0.0,0.0,3.0,0.0,76.82,8.258,12.678,0.0,7.967,10.139,0.077,0.096,0.131
20,7,2,20,1,0,17,1,81,20.0,81.0,4.05,20.0,1.0,7.0,0.35,85.73,61.857,89.69,4.286,3.093,85.73,61.857,4.484,89.69,2,1,0,0,0,0,0,0,0,1,0,0,0,0,0,0,0,0,0,0.1,0.05,0.0,0.0,0.0,0.0,0.0,0.0,0.0,0.05,0.0,0.0,0.0,0.0,0.0,0.0,0.0,0.0,0.0,2.0,1.0,0.0,0.0,0.0,0.0,0.0,0.0,0.0,1.0,0.0,0.0,0.0,0.0,0.0,0.0,0.0,0.0,0.0,1.0,1.0,0,0,0,0.25,0,1.0,0,1.0,0,1.0,1.0,0,0,1.0,0,1.414,1.732,0,0,0,0.5,0,2.0,0,1.0,0,1.732,1.414,0,0,1.0,0,1.0,1.225,0,0,0,0.354,0,1.414,0,0.707,0,1.225,1.0,0,0,0.707,0,0.85,3.801,2.688,0.946,49.392,0.85,3.801,2.688,0.946,49.392,2,3,0,0,0,4,0,4,0,1,0,3,2,0,0,1,0,2,3,0,0,0,1,0,4,0,1,0,3,2,0,0,1,0,0.1,0.15,0.0,0.0,0.0,0.2,0.0,0.2,0.0,0.05,0.0,0.15,0.1,0.0,0.0,0.05,0.0,2.0,3.0,0.0,0.0,0.0,4.0,0.0,4.0,0.0,1.0,0.0,3.0,2.0,0.0,0.0,1.0,0.0,101.935,4.01,10.0,0.0,6.534,7.645,0.067,0.083,0.114
26,13,2,31,0,0,25,1,108,26.0,108.0,4.154,31.0,1.192,13.0,0.5,96.79,61.0,121.059,3.723,2.346,96.79,61.0,4.656,121.059,4,2,0,1,0,0,0,0,0,0,0,0,0,0,0,0,0,0,1,0.154,0.077,0.0,0.038,0.0,0.0,0.0,0.0,0.0,0.0,0.0,0.0,0.0,0.0,0.0,0.0,0.0,0.0,0.038,4.0,2.0,0.0,1.0,0.0,0.0,0.0,0.0,0.0,0.0,0.0,0.0,0.0,0.0,0.0,0.0,0.0,0.0,1.0,1.0,1.0,0,1.0,0.5,1.0,0,1.0,1.0,0,1.0,1.0,1.0,0,0,1.0,0,1.0,2.0,0,1.0,0.707,1.414,0,1.732,1.0,0,1.732,2.449,1.414,0,0,1.0,0,0.707,1.414,0,0.707,0.5,1.0,0,1.225,0.707,0,1.225,1.732,1.0,0,0,0.707,0,0.962,4.903,3.467,0.988,264.176,0.962,4.903,3.467,0.988,264.176,1,4,0,1,2,2,0,3,1,0,3,6,2,0,0,1,0,1,4,0,1,1,2,0,3,1,0,3,6,2,0,0,1,0,0.038,0.154,0.0,0.038,0.077,0.077,0.0,0.115,0.038,0.0,0.115,0.231,0.077,0.0,0.0,0.038,0.0,1.0,4.0,0.0,1.0,2.0,2.0,0.0,3.0,1.0,0.0,3.0,6.0,2.0,0.0,0.0,1.0,0.0,79.576,8.619,10.4,0.0,7.486,11.135,0.087,0.108,0.149
28,10,2,43,4,2,24,1,133,28.0,133.0,4.75,43.0,1.536,10.0,0.357,97.22,86.971,103.852,3.472,3.106,97.22,86.971,3.709,103.852,4,4,0,0,0,0,0,0,0,0,0,0,0,0,0,0,0,0,0,0.143,0.143,0.0,0.0,0.0,0.0,0.0,0.0,0.0,0.0,0.0,0.0,0.0,0.0,0.0,0.0,0.0,0.0,0.0,4.0,4.0,0.0,0.0,0.0,0.0,0.0,0.0,0.0,0.0,0.0,0.0,0.0,0.0,0.0,0.0,0.0,0.0,0.0,1.0,1.0,0,0,1.0,1.0,0,1.0,0,0.5,1.0,0.875,1.0,1.0,0,0.75,0,1.0,1.0,0,0,1.0,1.0,0,2.0,0,1.0,1.0,2.475,1.414,1.0,0,1.5,0,0.707,0.707,0,0,0.707,0.707,0,1.414,0,0.707,0.707,1.75,1.0,0.707,0,1.061,0,0.857,4.536,3.207,0.954,65.52,0.857,4.536,3.207,0.954,65.52,1,1,0,0,1,1,0,4,0,4,1,8,2,1,0,4,0,1,1,0,0,1,1,0,4,0,2,1,7,2,1,0,3,0,0.036,0.036,0.0,0.0,0.036,0.036,0.0,0.143,0.0,0.143,0.036,0.286,0.071,0.036,0.0,0.143,0.0,1.0,1.0,0.0,0.0,1.0,1.0,0.0,4.0,0.0,4.0,1.0,8.0,2.0,1.0,0.0,4.0,0.0,48.494,13.451,16.914,8.079,11.073,14.943,0.093,0.117,0.16
31,10,6,45,5,3,26,1,149,31.0,149.0,4.806,45.0,1.452,10.0,0.323,120.38,98.275,114.739,3.883,3.17,120.38,98.275,3.701,114.739,4,3,0,0,0,0,0,0,0,0,0,0,0,1,0,0,0,0,0,0.129,0.097,0.0,0.0,0.0,0.0,0.0,0.0,0.0,0.0,0.0,0.0,0.0,0.032,0.0,0.0,0.0,0.0,0.0,4.0,3.0,0.0,0.0,0.0,0.0,0.0,0.0,0.0,0.0,0.0,0.0,0.0,1.0,0.0,0.0,0.0,0.0,0.0,1.0,1.0,1.0,0,0,0.667,0,1.0,0,1.0,0.5,1.0,0.5,1.0,0,1.0,0,1.414,1.732,1.0,0,0,1.155,0,2.449,0,1.0,0.707,1.732,1.225,1.0,0,1.732,0,1.0,1.225,0.707,0,0,0.816,0,1.732,0,0.707,0.5,1.225,0.866,0.707,0,1.225,0,0.839,4.67,3.302,0.949,60.351,0.839,4.67,3.302,0.949,60.351,2,3,1,0,0,3,0,6,0,1,2,3,6,1,0,3,0,2,3,1,0,0,2,0,6,0,1,1,3,3,1,0,3,0,0.065,0.097,0.032,0.0,0.0,0.097,0.0,0.194,0.0,0.032,0.065,0.097,0.194,0.032,0.0,0.097,0.0,2.0,3.0,1.0,0.0,0.0,3.0,0.0,6.0,0.0,1.0,2.0,3.0,6.0,1.0,0.0,3.0,0.0,52.564,13.629,18.852,9.895,11.507,16.708,0.103,0.129,0.177
26,10,2,32,1,0,25,1,97,26.0,97.0,3.731,32.0,1.231,10.0,0.385,75.95,64.652,121.309,2.921,2.487,75.95,64.652,4.666,121.309,4,2,0,0,1,0,1,0,0,0,0,0,0,0,0,0,0,0,0,0.154,0.077,0.0,0.0,0.038,0.0,0.038,0.0,0.0,0.0,0.0,0.0,0.0,0.0,0.0,0.0,0.0,0.0,0.0,4.0,2.0,0.0,0.0,1.0,0.0,1.0,0.0,0.0,0.0,0.0,0.0,0.0,0.0,0.0,0.0,0.0,0.0,0.0,1.0,1.0,0,1.0,0,0.5,0,1.0,0,0,1.0,1.0,1.0,1.0,0,1.0,0,1.0,2.236,0,1.0,0,0.707,0,1.732,0,0,1.0,2.828,1.414,1.0,0,1.414,0,0.707,1.581,0,0.707,0,0.5,0,1.225,0,0,0.707,2.0,1.0,0.707,0,1.0,0,0.962,4.903,3.467,0.988,264.176,0.962,4.903,3.467,0.988,264.176,1,5,0,1,0,2,0,3,0,0,1,8,2,1,0,2,0,1,5,0,1,0,1,0,3,0,0,1,8,2,1,0,2,0,0.038,0.192,0.0,0.038,0.0,0.077,0.0,0.115,0.0,0.0,0.038,0.308,0.077,0.038,0.0,0.077,0.0,1.0,5.0,0.0,1.0,0.0,2.0,0.0,3.0,0.0,0.0,1.0,8.0,2.0,1.0,0.0,2.0,0.0,76.322,9.073,11.938,0.0,4.998,9.142,0.087,0.108,0.149
8,3,1,14,3,1,8,1,46,8.0,46.0,5.75,14.0,1.75,3.0,0.375,41.38,42.571,35.197,5.172,5.321,41.38,42.571,4.4,35.197,1,0,0,0,0,0,0,0,0,0,0,0,0,0,0,0,0,1,0,0.125,0.0,0.0,0.0,0.0,0.0,0.0,0.0,0.0,0.0,0.0,0.0,0.0,0.0,0.0,0.0,0.0,0.125,0.0,1.0,0.0,0.0,0.0,0.0,0.0,0.0,0.0,0.0,0.0,0.0,0.0,0.0,0.0,0.0,0.0,0.0,1.0,0.0,1.0,0,1.0,0,0,0,0,1.0,0,0,1.0,0,1.0,0,0,1.0,0,1.0,0,1.0,0,0,0,0,1.0,0,0,1.414,0,1.0,0,0,1.414,0,0.707,0,0.707,0,0,0,0,0.707,0,0,1.0,0,0.707,0,0,1.0,0,1.0,2.828,2.0,1.0,0,1.0,2.828,2.0,1.0,0,1,0,1,0,0,0,0,1,0,0,2,0,1,0,0,2,0,1,0,1,0,0,0,0,1,0,0,2,0,1,0,0,2,0,0.125,0.0,0.125,0.0,0.0,0.0,0.0,0.125,0.0,0.0,0.25,0.0,0.125,0.0,0.0,0.25,0.0,1.0,0.0,1.0,0.0,0.0,0.0,0.0,1.0,0.0,0.0,2.0,0.0,1.0,0.0,0.0,2.0,0.0,50.665,8.18,18.2,5.713,14.31,9.652,0.027,0.033,0.046
28,13,2,27,0,0,25,1,107,28.0,107.0,3.821,27.0,0.964,13.0,0.464,77.74,76.8,130.869,2.776,2.743,77.74,76.8,4.674,130.869,5,1,0,0,2,0,1,0,0,1,0,0,0,0,0,0,0,0,0,0.179,0.036,0.0,0.0,0.071,0.0,0.036,0.0,0.0,0.036,0.0,0.0,0.0,0.0,0.0,0.0,0.0,0.0,0.0,5.0,1.0,0.0,0.0,2.0,0.0,1.0,0.0,0.0,1.0,0.0,0.0,0.0,0.0,0.0,0.0,0.0,0.0,0.0,1.0,0.8,0,0,0,0.333,0,1.0,0,1.0,1.0,1.0,1.0,0,0,1.0,0,1.0,1.789,0,0,0,0.577,0,1.414,0,1.0,1.414,3.0,1.414,0,0,1.732,0,0.707,1.265,0,0,0,0.408,0,1.0,0,0.707,1.0,2.121,1.0,0,0,1.225,0,0.893,4.725,3.341,0.966,91.426,0.893,4.725,3.341,0.966,91.426,1,5,0,0,0,3,0,2,0,1,2,9,2,0,0,3,0,1,4,0,0,0,1,0,2,0,1,2,9,2,0,0,3,0,0.036,0.179,0.0,0.0,0.0,0.107,0.0,0.071,0.0,0.036,0.071,0.321,0.071,0.0,0.0,0.107,0.0,1.0,5.0,0.0,0.0,0.0,3.0,0.0,2.0,0.0,1.0,2.0,9.0,2.0,0.0,0.0,3.0,0.0,96.836,6.709,11.2,0.0,5.613,10.569,0.093,0.117,0.16
15,7,1,25,4,1,15,1,71,15.0,71.0,4.733,25.0,1.667,7.0,0.467,61.47,42.667,65.086,4.098,2.844,61.47,42.667,4.339,65.086,0,0,0,0,0,0,0,0,0,0,0,0,0,0,0,0,0,0,0,0.0,0.0,0.0,0.0,0.0,0.0,0.0,0.0,0.0,0.0,0.0,0.0,0.0,0.0,0.0,0.0,0.0,0.0,0.0,0.0,0.0,0.0,0.0,0.0,0.0,0.0,0.0,0.0,0.0,0.0,0.0,0.0,0.0,0.0,0.0,0.0,0.0,0.0,0,1.0,0,0,0,1.0,0,1.0,0,0,1.0,1.0,1.0,0,0,1.0,0,0,1.732,0,0,0,1.0,0,1.732,0,0,1.414,2.0,1.0,0,0,1.0,0,0,1.225,0,0,0,0.707,0,1.225,0,0,1.0,1.414,0.707,0,0,0.707,0,1.0,3.873,2.739,1.0,0,1.0,3.873,2.739,1.0,0,0,3,0,0,0,1,0,3,0,0,2,4,1,0,0,1,0,0,3,0,0,0,1,0,3,0,0,2,4,1,0,0,1,0,0.0,0.2,0.0,0.0,0.0,0.067,0.0,0.2,0.0,0.0,0.133,0.267,0.067,0.0,0.0,0.067,0.0,0.0,3.0,0.0,0.0,0.0,1.0,0.0,3.0,0.0,0.0,2.0,4.0,1.0,0.0,0.0,1.0,0.0,50.61,9.927,16.667,5.713,10.059,8.364,0.05,0.062,0.086
26,11,3,39,5,0,22,1,124,26.0,124.0,4.769,39.0,1.5,11.0,0.423,95.32,72.0,98.846,3.666,2.769,95.32,72.0,3.802,98.846,4,1,0,0,1,2,0,0,0,0,0,0,0,0,0,0,0,0,0,0.154,0.038,0.0,0.0,0.038,0.077,0.0,0.0,0.0,0.0,0.0,0.0,0.0,0.0,0.0,0.0,0.0,0.0,0.0,4.0,1.0,0.0,0.0,1.0,2.0,0.0,0.0,0.0,0.0,0.0,0.0,0.0,0.0,0.0,0.0,0.0,0.0,0.0,0,0.75,0,1.0,1.0,0.667,0,1.0,0,1.0,1.0,0.833,0.667,0,0,1.0,0,0,1.5,0,1.0,1.0,1.155,0,1.732,0,1.0,1.0,2.041,1.155,0,0,1.732,0,0,1.061,0,0.707,0.707,0.816,0,1.225,0,0.707,0.707,1.443,0.816,0,0,1.225,0,0.846,4.315,3.051,0.949,57.194,0.846,4.315,3.051,0.949,57.194,0,4,0,1,1,3,0,3,0,1,1,6,3,0,0,3,0,0,3,0,1,1,2,0,3,0,1,1,5,2,0,0,3,0,0.0,0.154,0.0,0.038,0.038,0.115,0.0,0.115,0.0,0.038,0.038,0.231,0.115,0.0,0.0,0.115,0.0,0.0,4.0,0.0,1.0,1.0,3.0,0.0,3.0,0.0,1.0,1.0,6.0,3.0,0.0,0.0,3.0,0.0,53.545,12.25,18.092,0.0,11.105,14.033,0.087,0.108,0.149
41,19,4,63,9,1,36,1,195,41.0,195.0,4.756,63.0,1.537,19.0,0.463,185.92,147.29,185.177,4.535,3.592,185.92,147.29,4.517,185.177,3,1,0,0,0,2,0,0,0,0,0,0,0,0,0,0,0,0,0,0.073,0.024,0.0,0.0,0.0,0.049,0.0,0.0,0.0,0.0,0.0,0.0,0.0,0.0,0.0,0.0,0.0,0.0,0.0,3.0,1.0,0.0,0.0,0.0,2.0,0.0,0.0,0.0,0.0,0.0,0.0,0.0,0.0,0.0,0.0,0.0,0.0,0.0,1.0,0.833,1.0,1.0,1.0,0.667,0,1.0,0,0.5,1.0,1.0,0.5,0,0,1.0,0,1.732,2.041,1.0,1.0,1.414,1.155,0,2.449,0,0.707,2.0,1.732,1.0,0,0,2.449,0,1.225,1.443,0.707,0.707,1.0,0.816,0,1.732,0,0.5,1.414,1.225,0.707,0,0,1.732,0,0.878,5.622,3.976,0.965,98.741,0.878,5.622,3.976,0.965,98.741,3,6,1,1,2,3,0,6,0,2,4,3,4,0,0,6,0,3,5,1,1,2,2,0,6,0,1,4,3,2,0,0,6,0,0.073,0.146,0.024,0.024,0.049,0.073,0.0,0.146,0.0,0.049,0.098,0.073,0.098,0.0,0.0,0.146,0.0,3.0,6.0,1.0,1.0,2.0,3.0,0.0,6.0,0.0,2.0,4.0,3.0,4.0,0.0,0.0,6.0,0.0,35.225,18.532,25.18,5.713,11.444,21.471,0.137,0.171,0.234
49,17,8,57,4,0,40,2,194,24.5,97.0,3.959,28.5,1.163,8.5,0.347,188.24,159.998,187.25,3.842,3.265,94.12,79.999,3.821,93.625,7,3,0,1,1,0,0,0,0,0,0,0,0,0,0,0,0,0,2,0.143,0.061,0.0,0.02,0.02,0.0,0.0,0.0,0.0,0.0,0.0,0.0,0.0,0.0,0.0,0.0,0.0,0.0,0.041,3.5,1.5,0.0,0.5,0.5,0.0,0.0,0.0,0.0,0.0,0.0,0.0,0.0,0.0,0.0,0.0,0.0,0.0,1.0,1.0,0.8,0,1.0,0,1.0,0,1.0,1.0,1.0,0.667,0.9,0.25,1.0,0,1.0,0,1.414,1.789,0,1.0,0,1.414,0,2.828,1.0,1.732,1.155,2.846,0.707,1.414,0,2.236,0,1.0,1.265,0,0.707,0,1.0,0,2.0,0.707,1.225,0.816,2.012,0.5,1.0,0,1.581,0,0.816,5.714,4.041,0.948,67.053,0.816,5.714,4.041,0.948,67.053,2,5,0,1,0,2,0,8,1,3,3,10,8,2,0,5,0,2,4,0,1,0,2,0,8,1,3,2,9,2,2,0,5,0,0.041,0.102,0.0,0.02,0.0,0.041,0.0,0.163,0.02,0.061,0.061,0.204,0.163,0.041,0.0,0.102,0.0,1.0,2.5,0.0,0.5,0.0,1.0,0.0,4.0,0.5,1.5,1.5,5.0,4.0,1.0,0.0,2.5,0.0,83.555,7.692,13.065,0.0,6.272,9.468,0.163,0.204,0.28
27,13,3,31,3,0,23,1,105,27.0,105.0,3.889,31.0,1.148,13.0,0.481,102.61,89.852,115.479,3.8,3.328,102.61,89.852,4.277,115.479,4,2,0,0,1,1,0,0,0,0,0,0,0,0,0,0,0,0,0,0.148,0.074,0.0,0.0,0.037,0.037,0.0,0.0,0.0,0.0,0.0,0.0,0.0,0.0,0.0,0.0,0.0,0.0,0.0,4.0,2.0,0.0,0.0,1.0,1.0,0.0,0.0,0.0,0.0,0.0,0.0,0.0,0.0,0.0,0.0,0.0,0.0,0.0,0,1.0,0,1.0,1.0,0,0,1.0,0,0,0.5,0.8,0.667,1.0,0,1.0,0,0,1.732,0,1.414,1.0,0,0,1.0,0,0,1.0,1.789,1.155,1.732,0,2.236,0,0,1.225,0,1.0,0.707,0,0,0.707,0,0,0.707,1.265,0.816,1.225,0,1.581,0,0.852,4.426,3.13,0.951,61.314,0.852,4.426,3.13,0.951,61.314,0,3,0,2,1,0,0,1,0,0,4,5,3,3,0,5,0,0,3,0,2,1,0,0,1,0,0,2,4,2,3,0,5,0,0.0,0.111,0.0,0.074,0.037,0.0,0.0,0.037,0.0,0.0,0.148,0.185,0.111,0.111,0.0,0.185,0.0,0.0,3.0,0.0,2.0,1.0,0.0,0.0,1.0,0.0,0.0,4.0,5.0,3.0,3.0,0.0,5.0,0.0,82.297,8.488,15.244,0.0,5.97,10.387,0.09,0.113,0.154
21,8,3,25,0,0,17,1,78,21.0,78.0,3.714,25.0,1.19,8.0,0.381,67.05,60.283,85.719,3.193,2.871,67.05,60.283,4.082,85.719,4,2,0,0,0,2,0,0,0,0,0,0,0,0,0,0,0,0,0,0.19,0.095,0.0,0.0,0.0,0.095,0.0,0.0,0.0,0.0,0.0,0.0,0.0,0.0,0.0,0.0,0.0,0.0,0.0,4.0,2.0,0.0,0.0,0.0,2.0,0.0,0.0,0.0,0.0,0.0,0.0,0.0,0.0,0.0,0.0,0.0,0.0,0.0,1.0,0.5,1.0,0,0,1.0,0,1.0,0,1.0,1.0,1.0,0.667,1.0,0,0.75,0,1.0,0.707,1.414,0,0,1.0,0,1.0,0,1.0,1.0,2.0,1.155,1.0,0,1.5,0,0.707,0.5,1.0,0,0,0.707,0,0.707,0,0.707,0.707,1.414,0.816,0.707,0,1.061,0,0.81,3.71,2.623,0.931,37.987,0.81,3.71,2.623,0.931,37.987,1,2,2,0,0,1,0,1,0,1,1,4,3,1,0,4,0,1,1,2,0,0,1,0,1,0,1,1,4,2,1,0,3,0,0.048,0.095,0.095,0.0,0.0,0.048,0.0,0.048,0.0,0.048,0.048,0.19,0.143,0.048,0.0,0.19,0.0,1.0,2.0,2.0,0.0,0.0,1.0,0.0,1.0,0.0,1.0,1.0,4.0,3.0,1.0,0.0,4.0,0.0,84.806,6.648,8.4,0.0,4.63,6.564,0.07,0.087,0.12
11,3,3,14,2,1,10,1,47,11.0,47.0,4.273,14.0,1.273,3.0,0.273,39.26,24.0,24.84,3.569,2.182,39.26,24.0,2.258,24.84,1,0,0,0,0,1,0,0,0,0,0,0,0,0,0,0,0,0,0,0.091,0.0,0.0,0.0,0.0,0.091,0.0,0.0,0.0,0.0,0.0,0.0,0.0,0.0,0.0,0.0,0.0,0.0,0.0,1.0,0.0,0.0,0.0,0.0,1.0,0.0,0.0,0.0,0.0,0.0,0.0,0.0,0.0,0.0,0.0,0.0,0.0,0.0,1.0,0,0,1.0,0,1.0,0,1.0,0,1.0,0,1.0,0.667,0,0,0,0,1.0,0,0,1.0,0,1.0,0,1.414,0,1.0,0,1.414,1.155,0,0,0,0,0.707,0,0,0.707,0,0.707,0,1.0,0,0.707,0,1.0,0.816,0,0,0,0,0.909,3.015,2.132,0.96,55.628,0.909,3.015,2.132,0.96,55.628,1,0,0,1,0,1,0,2,0,1,0,2,3,0,0,0,0,1,0,0,1,0,1,0,2,0,1,0,2,2,0,0,0,0,0.091,0.0,0.0,0.091,0.0,0.091,0.0,0.182,0.0,0.091,0.0,0.182,0.273,0.0,0.0,0.0,0.0,1.0,0.0,0.0,1.0,0.0,1.0,0.0,2.0,0.0,1.0,0.0,2.0,3.0,0.0,0.0,0.0,0.0,87.997,3.718,11.673,5.713,6.633,4.195,0.037,0.046,0.063
16,6,2,18,1,0,16,1,68,16.0,68.0,4.25,18.0,1.125,6.0,0.375,62.24,67.0,57.627,3.89,4.188,62.24,67.0,3.602,57.627,3,2,0,0,1,0,0,0,0,0,0,0,0,0,0,0,0,0,0,0.188,0.125,0.0,0.0,0.062,0.0,0.0,0.0,0.0,0.0,0.0,0.0,0.0,0.0,0.0,0.0,0.0,0.0,0.0,3.0,2.0,0.0,0.0,1.0,0.0,0.0,0.0,0.0,0.0,0.0,0.0,0.0,0.0,0.0,0.0,0.0,0.0,0.0,0,1.0,0,0,0,1.0,0,1.0,0,0,1.0,1.0,1.0,1.0,0,1.0,0,0,1.414,0,0,0,1.0,0,1.0,0,0,1.414,1.732,1.414,1.0,0,2.0,0,0,1.0,0,0,0,0.707,0,0.707,0,0,1.0,1.225,1.0,0.707,0,1.414,0,1.0,4.0,2.828,1.0,0,1.0,4.0,2.828,1.0,0,0,2,0,0,0,1,0,1,0,0,2,3,2,1,0,4,0,0,2,0,0,0,1,0,1,0,0,2,3,2,1,0,4,0,0.0,0.125,0.0,0.0,0.0,0.062,0.0,0.062,0.0,0.0,0.125,0.188,0.125,0.062,0.0,0.25,0.0,0.0,2.0,0.0,0.0,0.0,1.0,0.0,1.0,0.0,0.0,2.0,3.0,2.0,1.0,0.0,4.0,0.0,95.42,3.925,8.9,0.0,7.34,6.587,0.053,0.067,0.091
19,8,2,27,3,0,18,1,91,19.0,91.0,4.789,27.0,1.421,8.0,0.421,65.5,52.0,75.392,3.447,2.737,65.5,52.0,3.968,75.392,3,0,0,0,2,0,0,0,0,0,0,0,0,0,0,0,0,1,0,0.158,0.0,0.0,0.0,0.105,0.0,0.0,0.0,0.0,0.0,0.0,0.0,0.0,0.0,0.0,0.0,0.0,0.053,0.0,3.0,0.0,0.0,0.0,2.0,0.0,0.0,0.0,0.0,0.0,0.0,0.0,0.0,0.0,0.0,0.0,0.0,1.0,0.0,1.0,1.0,0,0,1.0,1.0,0,1.0,0,0,0.667,1.0,1.0,0,0,1.0,0,1.414,1.0,0,0,1.0,1.414,0,1.732,0,0,1.155,1.414,1.414,0,0,1.732,0,1.0,0.707,0,0,0.707,1.0,0,1.225,0,0,0.816,1.0,1.0,0,0,1.225,0,0.947,4.129,2.92,0.982,154.516,0.947,4.129,2.92,0.982,154.516,2,1,0,0,1,2,0,3,0,0,3,2,2,0,0,3,0,2,1,0,0,1,2,0,3,0,0,2,2,2,0,0,3,0,0.105,0.053,0.0,0.0,0.053,0.105,0.0,0.158,0.0,0.0,0.158,0.105,0.105,0.0,0.0,0.158,0.0,2.0,1.0,0.0,0.0,1.0,2.0,0.0,3.0,0.0,0.0,3.0,2.0,2.0,0.0,0.0,3.0,0.0,67.329,8.588,13.916,0.0,10.804,10.628,0.063,0.079,0.109
22,12,2,28,2,0,21,1,89,22.0,89.0,4.045,28.0,1.273,12.0,0.545,71.6,67.073,99.947,3.255,3.049,71.6,67.073,4.543,99.947,3,0,0,0,1,0,0,1,0,0,0,0,0,0,0,0,0,0,1,0.136,0.0,0.0,0.0,0.045,0.0,0.0,0.045,0.0,0.0,0.0,0.0,0.0,0.0,0.0,0.0,0.0,0.0,0.045,3.0,0.0,0.0,0.0,1.0,0.0,0.0,1.0,0.0,0.0,0.0,0.0,0.0,0.0,0.0,0.0,0.0,0.0,1.0,0,1.0,1.0,0,1.0,0.5,0,1.0,1.0,1.0,1.0,1.0,1.0,0,0,1.0,0,0,2.0,1.0,0,1.0,0.707,0,1.732,1.0,1.0,1.414,1.732,1.414,0,0,1.414,0,0,1.414,0.707,0,0.707,0.5,0,1.225,0.707,0.707,1.0,1.225,1.0,0,0,1.0,0,0.955,4.477,3.166,0.985,199.25,0.955,4.477,3.166,0.985,199.25,0,4,1,0,1,2,0,3,1,1,2,3,2,0,0,2,0,0,4,1,0,1,1,0,3,1,1,2,3,2,0,0,2,0,0.0,0.182,0.045,0.0,0.045,0.091,0.0,0.136,0.045,0.045,0.091,0.136,0.091,0.0,0.0,0.091,0.0,0.0,4.0,1.0,0.0,1.0,2.0,0.0,3.0,1.0,1.0,2.0,3.0,2.0,0.0,0.0,2.0,0.0,76.832,8.008,12.436,0.0,6.642,8.624,0.073,0.092,0.126
