1,0,0,1,0,0,1,1,6,1.0,6.0,6.0,1.0,1.0,0.0,0.0,0,0,4.432,0.0,0.0,0.0,0.0,4.432,4.432,1,0,0,0,0,1,0,0,0,0,0,0,0,0,0,0,0,0,0,1.0,0.0,0.0,0.0,0.0,1.0,0.0,0.0,0.0,0.0,0.0,0.0,0.0,0.0,0.0,0.0,0.0,0.0,0.0,1.0,0.0,0.0,0.0,0.0,1.0,0.0,0.0,0.0,0.0,0.0,0.0,0.0,0.0,0.0,0.0,0.0,0.0,0.0,0,0,0,0,0,0,0,0,0,0,0,1.0,0,0,0,0,0,0,0,0,0,0,0,0,0,0,0,0,1.0,0,0,0,0,0,0,0,0,0,0,0,0,0,0,0,0,0.707,0,0,0,0,0,1.0,1.0,0.707,0,0,1.0,1.0,0.707,0,0,0,0,0,0,0,0,0,0,0,0,0,1,0,0,0,0,0,0,0,0,0,0,0,0,0,0,0,0,1,0,0,0,0,0,0.0,0.0,0.0,0.0,0.0,0.0,0.0,0.0,0.0,0.0,0.0,1.0,0.0,0.0,0.0,0.0,0.0,0.0,0.0,0.0,0.0,0.0,0.0,0.0,0.0,0.0,0.0,0.0,1.0,0.0,0.0,0.0,0.0,0.0,121.22,-3.4,0.4,0.0,-10.12,7.33,0.003,0.004,0.006
3,1,0,5,1,0,3,1,19,3.0,19.0,6.333,5.0,1.667,1.0,0.333,3.98,3.0,15.034,1.327,1.0,3.98,3.0,5.011,15.034,1,1,0,0,0,0,0,0,0,0,0,0,0,0,0,0,0,0,0,0.333,0.333,0.0,0.0,0.0,0.0,0.0,0.0,0.0,0.0,0.0,0.0,0.0,0.0,0.0,0.0,0.0,0.0,0.0,1.0,1.0,0.0,0.0,0.0,0.0,0.0,0.0,0.0,0.0,0.0,0.0,0.0,0.0,0.0,0.0,0.0,0.0,0.0,0,0,0,0,0,1.0,0,0,0,0,0,1.0,0,0,0,0,0,0,0,0,0,0,1.0,0,0,0,0,0,1.414,0,0,0,0,0,0,0,0,0,0,0.707,0,0,0,0,0,1.0,0,0,0,0,0,1.0,1.732,1.225,1.0,0,1.0,1.732,1.225,1.0,0,0,0,0,0,0,1,0,0,0,0,0,2,0,0,0,0,0,0,0,0,0,0,1,0,0,0,0,0,2,0,0,0,0,0,0.0,0.0,0.0,0.0,0.0,0.333,0.0,0.0,0.0,0.0,0.0,0.667,0.0,0.0,0.0,0.0,0.0,0.0,0.0,0.0,0.0,0.0,1.0,0.0,0.0,0.0,0.0,0.0,2.0,0.0,0.0,0.0,0.0,0.0,62.79,5.247,14.533,0.0,11.573,9.9,0.01,0.013,0.017
1,0,0,2,0,0,1,1,6,1.0,6.0,6.0,2.0,2.0,0.0,0.0,0,0,3.444,0.0,0.0,0.0,0.0,3.444,3.444,0,0,0,0,0,0,0,0,0,0,0,0,0,0,0,0,0,0,0,0.0,0.0,0.0,0.0,0.0,0.0,0.0,0.0,0.0,0.0,0.0,0.0,0.0,0.0,0.0,0.0,0.0,0.0,0.0,0.0,0.0,0.0,0.0,0.0,0.0,0.0,0.0,0.0,0.0,0.0,0.0,0.0,0.0,0.0,0.0,0.0,0.0,0.0,0,0,0,0,0,0,0,0,0,0,0,0,0,0,0,1.0,0,0,0,0,0,0,0,0,0,0,0,0,0,0,0,0,1.0,0,0,0,0,0,0,0,0,0,0,0,0,0,0,0,0,0.707,0,1.0,1.0,0.707,0,0,1.0,1.0,0.707,0,0,0,0,0,0,0,0,0,0,0,0,0,0,0,0,0,1,0,0,0,0,0,0,0,0,0,0,0,0,0,0,0,0,1,0,0.0,0.0,0.0,0.0,0.0,0.0,0.0,0.0,0.0,0.0,0.0,0.0,0.0,0.0,0.0,1.0,0.0,0.0,0.0,0.0,0.0,0.0,0.0,0.0,0.0,0.0,0.0,0.0,0.0,0.0,0.0,0.0,1.0,0.0,36.62,8.4,0.4,0.0,-10.12,7.33,0.003,0.004,0.006
1,0,0,1,0,0,1,1,3,1.0,3.0,3.0,1.0,1.0,0.0,0.0,0,0,0,0.0,0.0,0.0,0.0,0.0,0.0,1,0,0,0,0,0,0,0,0,0,0,0,0,0,0,0,0,0,1,1.0,0.0,0.0,0.0,0.0,0.0,0.0,0.0,0.0,0.0,0.0,0.0,0.0,0.0,0.0,0.0,0.0,0.0,1.0,1.0,0.0,0.0,0.0,0.0,0.0,0.0,0.0,0.0,0.0,0.0,0.0,0.0,0.0,0.0,0.0,0.0,0.0,1.0,0,0,0,0,0,0,0,0,1.0,0,0,0,0,0,0,0,0,0,0,0,0,0,0,0,0,1.0,0,0,0,0,0,0,0,0,0,0,0,0,0,0,0,0,0.707,0,0,0,0,0,0,0,0,1.0,1.0,0.707,0,0,1.0,1.0,0.707,0,0,0,0,0,0,0,0,0,0,1,0,0,0,0,0,0,0,0,0,0,0,0,0,0,0,0,1,0,0,0,0,0,0,0,0,0.0,0.0,0.0,0.0,0.0,0.0,0.0,0.0,1.0,0.0,0.0,0.0,0.0,0.0,0.0,0.0,0.0,0.0,0.0,0.0,0.0,0.0,0.0,0.0,0.0,1.0,0.0,0.0,0.0,0.0,0.0,0.0,0.0,0.0,121.22,-3.4,0.4,0.0,-27.76,-6.8,0.003,0.004,0.006
1,0,0,2,0,0,1,1,5,1.0,5.0,5.0,2.0,2.0,0.0,0.0,0,0,0,0.0,0.0,0.0,0.0,0.0,0.0,0,0,0,0,0,0,0,0,0,0,0,0,0,0,0,0,0,0,0,0.0,0.0,0.0,0.0,0.0,0.0,0.0,0.0,0.0,0.0,0.0,0.0,0.0,0.0,0.0,0.0,0.0,0.0,0.0,0.0,0.0,0.0,0.0,0.0,0.0,0.0,0.0,0.0,0.0,0.0,0.0,0.0,0.0,0.0,0.0,0.0,0.0,0.0,0,0,0,0,0,0,0,0,0,0,0,1.0,0,0,0,0,0,0,0,0,0,0,0,0,0,0,0,0,1.0,0,0,0,0,0,0,0,0,0,0,0,0,0,0,0,0,0.707,0,0,0,0,0,1.0,1.0,0.707,0,0,1.0,1.0,0.707,0,0,0,0,0,0,0,0,0,0,0,0,0,1,0,0,0,0,0,0,0,0,0,0,0,0,0,0,0,0,1,0,0,0,0,0,0.0,0.0,0.0,0.0,0.0,0.0,0.0,0.0,0.0,0.0,0.0,1.0,0.0,0.0,0.0,0.0,0.0,0.0,0.0,0.0,0.0,0.0,0.0,0.0,0.0,0.0,0.0,0.0,1.0,0.0,0.0,0.0,0.0,0.0,36.62,8.4,0.4,0.0,-16.0,2.62,0.003,0.004,0.006
1,0,0,4,1,1,1,1,11,1.0,11.0,11.0,4.0,4.0,0.0,0.0,9.77,0,2.672,9.77,0.0,9.77,0.0,2.672,2.672,0,0,0,0,0,0,0,0,0,0,0,0,0,0,0,0,0,0,0,0.0,0.0,0.0,0.0,0.0,0.0,0.0,0.0,0.0,0.0,0.0,0.0,0.0,0.0,0.0,0.0,0.0,0.0,0.0,0.0,0.0,0.0,0.0,0.0,0.0,0.0,0.0,0.0,0.0,0.0,0.0,0.0,0.0,0.0,0.0,0.0,0.0,0.0,0,0,0,0,0,0,0,1.0,0,0,0,0,0,0,0,0,0,0,0,0,0,0,0,0,1.0,0,0,0,0,0,0,0,0,0,0,0,0,0,0,0,0,0.707,0,0,0,0,0,0,0,0,0,1.0,1.0,0.707,0,0,1.0,1.0,0.707,0,0,0,0,0,0,0,0,0,1,0,0,0,0,0,0,0,0,0,0,0,0,0,0,0,0,1,0,0,0,0,0,0,0,0,0,0.0,0.0,0.0,0.0,0.0,0.0,0.0,1.0,0.0,0.0,0.0,0.0,0.0,0.0,0.0,0.0,0.0,0.0,0.0,0.0,0.0,0.0,0.0,0.0,1.0,0.0,0.0,0.0,0.0,0.0,0.0,0.0,0.0,0.0,-132.58,32.0,40.4,5.713,19.28,30.88,0.003,0.004,0.006
2,0,0,5,1,0,2,1,16,2.0,16.0,8.0,5.0,2.5,0.0,0.0,14.47,6.8,7.874,7.235,3.4,14.47,6.8,3.937,7.874,0,0,0,0,0,0,0,0,0,0,0,0,0,0,0,0,0,0,0,0.0,0.0,0.0,0.0,0.0,0.0,0.0,0.0,0.0,0.0,0.0,0.0,0.0,0.0,0.0,0.0,0.0,0.0,0.0,0.0,0.0,0.0,0.0,0.0,0.0,0.0,0.0,0.0,0.0,0.0,0.0,0.0,0.0,0.0,0.0,0.0,0.0,0.0,0,0,0,0,0,0,0,1.0,0,0,0,0,0,0,0,1.0,0,0,0,0,0,0,0,0,1.0,0,0,0,0,0,0,0,1.0,0,0,0,0,0,0,0,0,0.707,0,0,0,0,0,0,0,0.707,0,1.0,1.414,1.0,1.0,0,1.0,1.414,1.0,1.0,0,0,0,0,0,0,0,0,1,0,0,0,0,0,0,0,1,0,0,0,0,0,0,0,0,1,0,0,0,0,0,0,0,1,0,0.0,0.0,0.0,0.0,0.0,0.0,0.0,0.5,0.0,0.0,0.0,0.0,0.0,0.0,0.0,0.5,0.0,0.0,0.0,0.0,0.0,0.0,0.0,0.0,1.0,0.0,0.0,0.0,0.0,0.0,0.0,0.0,1.0,0.0,-6.695,14.69,20.8,0.0,16.44,17.25,0.007,0.008,0.011
2,0,0,3,0,0,2,1,11,2.0,11.0,5.5,3.0,1.5,0.0,0.0,0,0,3.195,0.0,0.0,0.0,0.0,1.597,3.195,1,1,0,0,0,0,0,0,0,0,0,0,0,0,0,0,0,0,0,0.5,0.5,0.0,0.0,0.0,0.0,0.0,0.0,0.0,0.0,0.0,0.0,0.0,0.0,0.0,0.0,0.0,0.0,0.0,1.0,1.0,0.0,0.0,0.0,0.0,0.0,0.0,0.0,0.0,0.0,0.0,0.0,0.0,0.0,0.0,0.0,0.0,0.0,0,0,0,0,0,0,0,0,0,0,0,1.0,0,0,0,0,0,0,0,0,0,0,0,0,0,0,0,0,1.414,0,0,0,0,0,0,0,0,0,0,0,0,0,0,0,0,1.0,0,0,0,0,0,1.0,1.414,1.0,1.0,0,1.0,1.414,1.0,1.0,0,0,0,0,0,0,0,0,0,0,0,0,2,0,0,0,0,0,0,0,0,0,0,0,0,0,0,0,0,2,0,0,0,0,0,0.0,0.0,0.0,0.0,0.0,0.0,0.0,0.0,0.0,0.0,0.0,1.0,0.0,0.0,0.0,0.0,0.0,0.0,0.0,0.0,0.0,0.0,0.0,0.0,0.0,0.0,0.0,0.0,2.0,0.0,0.0,0.0,0.0,0.0,77.905,2.89,0.8,0.0,1.74,5.475,0.007,0.008,0.011
1,0,0,1,0,0,1,1,5,1.0,5.0,5.0,1.0,1.0,0.0,0.0,0,0,0,0.0,0.0,0.0,0.0,0.0,0.0,1,0,0,0,0,0,0,0,0,0,0,0,1,0,0,0,0,0,0,1.0,0.0,0.0,0.0,0.0,0.0,0.0,0.0,0.0,0.0,0.0,0.0,1.0,0.0,0.0,0.0,0.0,0.0,0.0,1.0,0.0,0.0,0.0,0.0,0.0,0.0,0.0,0.0,0.0,0.0,0.0,1.0,0.0,0.0,0.0,0.0,0.0,0.0,0,0,0,0,0,0,0,0,1.0,0,0,0,0,0,0,0,0,0,0,0,0,0,0,0,0,1.0,0,0,0,0,0,0,0,0,0,0,0,0,0,0,0,0,0.707,0,0,0,0,0,0,0,0,1.0,1.0,0.707,0,0,1.0,1.0,0.707,0,0,0,0,0,0,0,0,0,0,1,0,0,0,0,0,0,0,0,0,0,0,0,0,0,0,0,1,0,0,0,0,0,0,0,0,0.0,0.0,0.0,0.0,0.0,0.0,0.0,0.0,1.0,0.0,0.0,0.0,0.0,0.0,0.0,0.0,0.0,0.0,0.0,0.0,0.0,0.0,0.0,0.0,0.0,1.0,0.0,0.0,0.0,0.0,0.0,0.0,0.0,0.0,121.22,-3.4,0.4,0.0,-16.0,2.62,0.003,0.004,0.006
1,0,0,3,1,0,1,1,7,1.0,7.0,7.0,3.0,3.0,0.0,0.0,0,0,0,0.0,0.0,0.0,0.0,0.0,0.0,0,0,0,0,0,0,0,0,0,0,0,0,0,0,0,0,0,0,0,0.0,0.0,0.0,0.0,0.0,0.0,0.0,0.0,0.0,0.0,0.0,0.0,0.0,0.0,0.0,0.0,0.0,0.0,0.0,0.0,0.0,0.0,0.0,0.0,0.0,0.0,0.0,0.0,0.0,0.0,0.0,0.0,0.0,0.0,0.0,0.0,0.0,0.0,0,0,0,0,0,0,0,0,0,0,0,1.0,0,0,0,0,0,0,0,0,0,0,0,0,0,0,0,0,1.0,0,0,0,0,0,0,0,0,0,0,0,0,0,0,0,0,0.707,0,0,0,0,0,1.0,1.0,0.707,0,0,1.0,1.0,0.707,0,0,0,0,0,0,0,0,0,0,0,0,0,1,0,0,0,0,0,0,0,0,0,0,0,0,0,0,0,0,1,0,0,0,0,0,0.0,0.0,0.0,0.0,0.0,0.0,0.0,0.0,0.0,0.0,0.0,1.0,0.0,0.0,0.0,0.0,0.0,0.0,0.0,0.0,0.0,0.0,0.0,0.0,0.0,0.0,0.0,0.0,1.0,0.0,0.0,0.0,0.0,0.0,-47.98,20.2,40.4,0.0,-4.24,12.04,0.003,0.004,0.006
2,0,0,6,1,1,2,1,15,2.0,15.0,7.5,6.0,3.0,0.0,0.0,13.0,13.0,7.514,6.5,6.5,13.0,13.0,3.757,7.514,0,0,0,0,0,0,0,0,0,0,0,0,0,0,0,0,0,0,0,0.0,0.0,0.0,0.0,0.0,0.0,0.0,0.0,0.0,0.0,0.0,0.0,0.0,0.0,0.0,0.0,0.0,0.0,0.0,0.0,0.0,0.0,0.0,0.0,0.0,0.0,0.0,0.0,0.0,0.0,0.0,0.0,0.0,0.0,0.0,0.0,0.0,0.0,0,0,0,0,0,0,0,1.0,0,0,0,1.0,0,0,0,0,0,0,0,0,0,0,0,0,1.0,0,0,0,1.0,0,0,0,0,0,0,0,0,0,0,0,0,0.707,0,0,0,0.707,0,0,0,0,0,1.0,1.414,1.0,1.0,0,1.0,1.414,1.0,1.0,0,0,0,0,0,0,0,0,1,0,0,0,1,0,0,0,0,0,0,0,0,0,0,0,0,1,0,0,0,1,0,0,0,0,0,0.0,0.0,0.0,0.0,0.0,0.0,0.0,0.5,0.0,0.0,0.0,0.5,0.0,0.0,0.0,0.0,0.0,0.0,0.0,0.0,0.0,0.0,0.0,0.0,1.0,0.0,0.0,0.0,1.0,0.0,0.0,0.0,0.0,0.0,-48.995,20.59,20.8,5.713,13.5,14.895,0.007,0.008,0.011
2,0,0,4,0,0,2,1,14,2.0,14.0,7.0,4.0,2.0,0.0,0.0,0,0,4.8,0.0,0.0,0.0,0.0,2.4,4.8,1,1,0,0,0,0,0,0,0,0,0,0,0,0,0,0,0,0,0,0.5,0.5,0.0,0.0,0.0,0.0,0.0,0.0,0.0,0.0,0.0,0.0,0.0,0.0,0.0,0.0,0.0,0.0,0.0,1.0,1.0,0.0,0.0,0.0,0.0,0.0,0.0,0.0,0.0,0.0,0.0,0.0,0.0,0.0,0.0,0.0,0.0,0.0,0,0,0,0,0,0,0,0,0,0,0,1.0,0,0,0,0,0,0,0,0,0,0,0,0,0,0,0,0,1.414,0,0,0,0,0,0,0,0,0,0,0,0,0,0,0,0,1.0,0,0,0,0,0,1.0,1.414,1.0,1.0,0,1.0,1.414,1.0,1.0,0,0,0,0,0,0,0,0,0,0,0,0,2,0,0,0,0,0,0,0,0,0,0,0,0,0,0,0,0,2,0,0,0,0,0,0.0,0.0,0.0,0.0,0.0,0.0,0.0,0.0,0.0,0.0,0.0,1.0,0.0,0.0,0.0,0.0,0.0,0.0,0.0,0.0,0.0,0.0,0.0,0.0,0.0,0.0,0.0,0.0,2.0,0.0,0.0,0.0,0.0,0.0,35.605,8.79,0.8,0.0,10.56,12.54,0.007,0.008,0.011
1,0,0,3,1,0,1,1,8,1.0,8.0,8.0,3.0,3.0,0.0,0.0,0,0,0,0.0,0.0,0.0,0.0,0.0,0.0,0,0,0,0,0,0,0,0,0,0,0,0,0,0,0,0,0,0,0,0.0,0.0,0.0,0.0,0.0,0.0,0.0,0.0,0.0,0.0,0.0,0.0,0.0,0.0,0.0,0.0,0.0,0.0,0.0,0.0,0.0,0.0,0.0,0.0,0.0,0.0,0.0,0.0,0.0,0.0,0.0,0.0,0.0,0.0,0.0,0.0,0.0,0.0,0,0,0,0,0,0,0,1.0,0,0,0,0,0,0,0,0,0,0,0,0,0,0,0,0,1.0,0,0,0,0,0,0,0,0,0,0,0,0,0,0,0,0,0.707,0,0,0,0,0,0,0,0,0,1.0,1.0,0.707,0,0,1.0,1.0,0.707,0,0,0,0,0,0,0,0,0,1,0,0,0,0,0,0,0,0,0,0,0,0,0,0,0,0,1,0,0,0,0,0,0,0,0,0,0.0,0.0,0.0,0.0,0.0,0.0,0.0,1.0,0.0,0.0,0.0,0.0,0.0,0.0,0.0,0.0,0.0,0.0,0.0,0.0,0.0,0.0,0.0,0.0,1.0,0.0,0.0,0.0,0.0,0.0,0.0,0.0,0.0,0.0,-47.98,20.2,40.4,0.0,1.64,16.75,0.003,0.004,0.006
1,0,0,1,0,0,1,1,4,1.0,4.0,4.0,1.0,1.0,0.0,0.0,0,0,0,0.0,0.0,0.0,0.0,0.0,0.0,1,0,0,0,0,0,0,0,0,0,0,0,1,0,0,0,0,0,0,1.0,0.0,0.0,0.0,0.0,0.0,0.0,0.0,0.0,0.0,0.0,0.0,1.0,0.0,0.0,0.0,0.0,0.0,0.0,1.0,0.0,0.0,0.0,0.0,0.0,0.0,0.0,0.0,0.0,0.0,0.0,1.0,0.0,0.0,0.0,0.0,0.0,0.0,0,0,0,0,0,0,0,0,1.0,0,0,0,0,0,0,0,0,0,0,0,0,0,0,0,0,1.0,0,0,0,0,0,0,0,0,0,0,0,0,0,0,0,0,0.707,0,0,0,0,0,0,0,0,1.0,1.0,0.707,0,0,1.0,1.0,0.707,0,0,0,0,0,0,0,0,0,0,1,0,0,0,0,0,0,0,0,0,0,0,0,0,0,0,0,1,0,0,0,0,0,0,0,0,0.0,0.0,0.0,0.0,0.0,0.0,0.0,0.0,1.0,0.0,0.0,0.0,0.0,0.0,0.0,0.0,0.0,0.0,0.0,0.0,0.0,0.0,0.0,0.0,0.0,1.0,0.0,0.0,0.0,0.0,0.0,0.0,0.0,0.0,121.22,-3.4,0.4,0.0,-21.88,-2.09,0.003,0.004,0.006
3,0,0,5,1,0,3,1,14,3.0,14.0,4.667,5.0,1.667,0.0,0.0,0,0,8.166,0.0,0.0,0.0,0.0,2.722,8.166,0,0,0,0,0,0,0,0,0,0,0,0,0,0,0,0,0,0,0,0.0,0.0,0.0,0.0,0.0,0.0,0.0,0.0,0.0,0.0,0.0,0.0,0.0,0.0,0.0,0.0,0.0,0.0,0.0,0.0,0.0,0.0,0.0,0.0,0.0,0.0,0.0,0.0,0.0,0.0,0.0,0.0,0.0,0.0,0.0,0.0,0.0,0.0,0,0,0,0,0,0,0,0,0,0,0,1.0,0,0,0,0,0,0,0,0,0,0,0,0,0,0,0,0,1.732,0,0,0,0,0,0,0,0,0,0,0,0,0,0,0,0,1.225,0,0,0,0,0,1.0,1.732,1.225,1.0,0,1.0,1.732,1.225,1.0,0,0,0,0,0,0,0,0,0,0,0,0,3,0,0,0,0,0,0,0,0,0,0,0,0,0,0,0,0,3,0,0,0,0,0,0.0,0.0,0.0,0.0,0.0,0.0,0.0,0.0,0.0,0.0,0.0,1.0,0.0,0.0,0.0,0.0,0.0,0.0,0.0,0.0,0.0,0.0,0.0,0.0,0.0,0.0,0.0,0.0,3.0,0.0,0.0,0.0,0.0,0.0,62.79,5.247,14.533,0.0,1.773,2.05,0.01,0.013,0.017
1,0,0,3,1,0,1,1,10,1.0,10.0,10.0,3.0,3.0,0.0,0.0,0,0,0,0.0,0.0,0.0,0.0,0.0,0.0,0,0,0,0,0,0,0,0,0,0,0,0,0,0,0,0,0,0,0,0.0,0.0,0.0,0.0,0.0,0.0,0.0,0.0,0.0,0.0,0.0,0.0,0.0,0.0,0.0,0.0,0.0,0.0,0.0,0.0,0.0,0.0,0.0,0.0,0.0,0.0,0.0,0.0,0.0,0.0,0.0,0.0,0.0,0.0,0.0,0.0,0.0,0.0,0,0,0,0,0,0,0,0,0,0,0,1.0,0,0,0,0,0,0,0,0,0,0,0,0,0,0,0,0,1.0,0,0,0,0,0,0,0,0,0,0,0,0,0,0,0,0,0.707,0,0,0,0,0,1.0,1.0,0.707,0,0,1.0,1.0,0.707,0,0,0,0,0,0,0,0,0,0,0,0,0,1,0,0,0,0,0,0,0,0,0,0,0,0,0,0,0,0,1,0,0,0,0,0,0.0,0.0,0.0,0.0,0.0,0.0,0.0,0.0,0.0,0.0,0.0,1.0,0.0,0.0,0.0,0.0,0.0,0.0,0.0,0.0,0.0,0.0,0.0,0.0,0.0,0.0,0.0,0.0,1.0,0.0,0.0,0.0,0.0,0.0,-47.98,20.2,40.4,0.0,13.4,26.17,0.003,0.004,0.006
3,1,0,4,0,0,3,1,16,3.0,16.0,5.333,4.0,1.333,1.0,0.333,11.5,7.5,15.325,3.833,2.5,11.5,7.5,5.108,15.325,0,0,0,0,0,0,0,0,0,0,0,0,0,0,0,0,0,0,0,0.0,0.0,0.0,0.0,0.0,0.0,0.0,0.0,0.0,0.0,0.0,0.0,0.0,0.0,0.0,0.0,0.0,0.0,0.0,0.0,0.0,0.0,0.0,0.0,0.0,0.0,0.0,0.0,0.0,0.0,0.0,0.0,0.0,0.0,0.0,0.0,0.0,0.0,0,1.0,0,0,0,0,0,1.0,0,0,0,1.0,0,0,0,0,0,0,1.0,0,0,0,0,0,1.0,0,0,0,1.0,0,0,0,0,0,0,0.707,0,0,0,0,0,0.707,0,0,0,0.707,0,0,0,0,0,1.0,1.732,1.225,1.0,0,1.0,1.732,1.225,1.0,0,0,1,0,0,0,0,0,1,0,0,0,1,0,0,0,0,0,0,1,0,0,0,0,0,1,0,0,0,1,0,0,0,0,0,0.0,0.333,0.0,0.0,0.0,0.0,0.0,0.333,0.0,0.0,0.0,0.333,0.0,0.0,0.0,0.0,0.0,0.0,1.0,0.0,0.0,0.0,0.0,0.0,1.0,0.0,0.0,0.0,1.0,0.0,0.0,0.0,0.0,0.0,90.99,1.313,1.2,0.0,5.693,5.19,0.01,0.013,0.017
2,0,0,4,0,0,2,1,13,2.0,13.0,6.5,4.0,2.0,0.0,0.0,0,9.0,9.13,0.0,4.5,0.0,9.0,4.565,9.13,1,0,0,0,0,0,0,0,0,0,0,1,0,0,0,0,0,0,0,0.5,0.0,0.0,0.0,0.0,0.0,0.0,0.0,0.0,0.0,0.0,0.5,0.0,0.0,0.0,0.0,0.0,0.0,0.0,1.0,0.0,0.0,0.0,0.0,0.0,0.0,0.0,0.0,0.0,0.0,1.0,0.0,0.0,0.0,0.0,0.0,0.0,0.0,0,0,0,0,0,0,0,0,0,0,0,1.0,0,0,0,0,0,0,0,0,0,0,0,0,0,0,0,0,1.414,0,0,0,0,0,0,0,0,0,0,0,0,0,0,0,0,1.0,0,0,0,0,0,1.0,1.414,1.0,1.0,0,1.0,1.414,1.0,1.0,0,0,0,0,0,0,0,0,0,0,0,0,2,0,0,0,0,0,0,0,0,0,0,0,0,0,0,0,0,2,0,0,0,0,0,0.0,0.0,0.0,0.0,0.0,0.0,0.0,0.0,0.0,0.0,0.0,1.0,0.0,0.0,0.0,0.0,0.0,0.0,0.0,0.0,0.0,0.0,0.0,0.0,0.0,0.0,0.0,0.0,2.0,0.0,0.0,0.0,0.0,0.0,35.605,8.79,0.8,0.0,7.62,10.185,0.007,0.008,0.011
1,0,0,1,0,0,1,1,4,1.0,4.0,4.0,1.0,1.0,0.0,0.0,0,0,0,0.0,0.0,0.0,0.0,0.0,0.0,1,0,0,0,0,0,0,0,0,0,0,0,1,0,0,0,0,0,0,1.0,0.0,0.0,0.0,0.0,0.0,0.0,0.0,0.0,0.0,0.0,0.0,1.0,0.0,0.0,0.0,0.0,0.0,0.0,1.0,0.0,0.0,0.0,0.0,0.0,0.0,0.0,0.0,0.0,0.0,0.0,1.0,0.0,0.0,0.0,0.0,0.0,0.0,0,0,0,0,0,0,0,0,1.0,0,0,0,0,0,0,0,0,0,0,0,0,0,0,0,0,1.0,0,0,0,0,0,0,0,0,0,0,0,0,0,0,0,0,0.707,0,0,0,0,0,0,0,0,1.0,1.0,0.707,0,0,1.0,1.0,0.707,0,0,0,0,0,0,0,0,0,0,1,0,0,0,0,0,0,0,0,0,0,0,0,0,0,0,0,1,0,0,0,0,0,0,0,0,0.0,0.0,0.0,0.0,0.0,0.0,0.0,0.0,1.0,0.0,0.0,0.0,0.0,0.0,0.0,0.0,0.0,0.0,0.0,0.0,0.0,0.0,0.0,0.0,0.0,1.0,0.0,0.0,0.0,0.0,0.0,0.0,0.0,0.0,121.22,-3.4,0.4,0.0,-21.88,-2.09,0.003,0.004,0.006
1,0,0,2,0,0,1,1,5,1.0,5.0,5.0,2.0,2.0,0.0,0.0,0,0,4.103,0.0,0.0,0.0,0.0,4.103,4.103,1,1,0,0,0,0,0,0,0,0,0,0,0,0,0,0,0,0,0,1.0,1.0,0.0,0.0,0.0,0.0,0.0,0.0,0.0,0.0,0.0,0.0,0.0,0.0,0.0,0.0,0.0,0.0,0.0,1.0,1.0,0.0,0.0,0.0,0.0,0.0,0.0,0.0,0.0,0.0,0.0,0.0,0.0,0.0,0.0,0.0,0.0,0.0,1.0,0,0,0,0,0,0,0,0,0,0,0,0,0,0,0,0,1.0,0,0,0,0,0,0,0,0,0,0,0,0,0,0,0,0,0.707,0,0,0,0,0,0,0,0,0,0,0,0,0,0,0,0,1.0,1.0,0.707,0,0,1.0,1.0,0.707,0,0,1,0,0,0,0,0,0,0,0,0,0,0,0,0,0,0,0,1,0,0,0,0,0,0,0,0,0,0,0,0,0,0,0,0,1.0,0.0,0.0,0.0,0.0,0.0,0.0,0.0,0.0,0.0,0.0,0.0,0.0,0.0,0.0,0.0,0.0,1.0,0.0,0.0,0.0,0.0,0.0,0.0,0.0,0.0,0.0,0.0,0.0,0.0,0.0,0.0,0.0,0.0,36.62,8.4,0.4,0.0,-16.0,2.62,0.003,0.004,0.006
3,1,0,7,2,0,3,1,17,3.0,17.0,5.667,7.0,2.333,1.0,0.333,4.55,5.5,10.314,1.517,1.833,4.55,5.5,3.438,10.314,0,0,0,0,0,0,0,0,0,0,0,0,0,0,0,0,0,0,0,0.0,0.0,0.0,0.0,0.0,0.0,0.0,0.0,0.0,0.0,0.0,0.0,0.0,0.0,0.0,0.0,0.0,0.0,0.0,0.0,0.0,0.0,0.0,0.0,0.0,0.0,0.0,0.0,0.0,0.0,0.0,0.0,0.0,0.0,0.0,0.0,0.0,0.0,0,1.0,0,0,0,0,0,0,0,0,0,1.0,0,0,0,0,0,0,1.0,0,0,0,0,0,0,0,0,0,1.414,0,0,0,0,0,0,0.707,0,0,0,0,0,0,0,0,0,1.0,0,0,0,0,0,1.0,1.732,1.225,1.0,0,1.0,1.732,1.225,1.0,0,0,1,0,0,0,0,0,0,0,0,0,2,0,0,0,0,0,0,1,0,0,0,0,0,0,0,0,0,2,0,0,0,0,0,0.0,0.333,0.0,0.0,0.0,0.0,0.0,0.0,0.0,0.0,0.0,0.667,0.0,0.0,0.0,0.0,0.0,0.0,1.0,0.0,0.0,0.0,0.0,0.0,0.0,0.0,0.0,0.0,2.0,0.0,0.0,0.0,0.0,0.0,6.39,13.113,27.867,0.0,7.653,6.76,0.01,0.013,0.017
1,0,0,3,1,0,1,1,8,1.0,8.0,8.0,3.0,3.0,0.0,0.0,0,0,2.438,0.0,0.0,0.0,0.0,2.438,2.438,0,0,0,0,0,0,0,0,0,0,0,0,0,0,0,0,0,0,0,0.0,0.0,0.0,0.0,0.0,0.0,0.0,0.0,0.0,0.0,0.0,0.0,0.0,0.0,0.0,0.0,0.0,0.0,0.0,0.0,0.0,0.0,0.0,0.0,0.0,0.0,0.0,0.0,0.0,0.0,0.0,0.0,0.0,0.0,0.0,0.0,0.0,0.0,0,0,0,0,0,0,0,0,0,0,0,1.0,0,0,0,0,0,0,0,0,0,0,0,0,0,0,0,0,1.0,0,0,0,0,0,0,0,0,0,0,0,0,0,0,0,0,0.707,0,0,0,0,0,1.0,1.0,0.707,0,0,1.0,1.0,0.707,0,0,0,0,0,0,0,0,0,0,0,0,0,1,0,0,0,0,0,0,0,0,0,0,0,0,0,0,0,0,1,0,0,0,0,0,0.0,0.0,0.0,0.0,0.0,0.0,0.0,0.0,0.0,0.0,0.0,1.0,0.0,0.0,0.0,0.0,0.0,0.0,0.0,0.0,0.0,0.0,0.0,0.0,0.0,0.0,0.0,0.0,1.0,0.0,0.0,0.0,0.0,0.0,-47.98,20.2,40.4,0.0,1.64,16.75,0.003,0.004,0.006
1,0,0,2,0,0,1,1,5,1.0,5.0,5.0,2.0,2.0,0.0,0.0,0,0,3.321,0.0,0.0,0.0,0.0,3.321,3.321,0,0,0,0,0,0,0,0,0,0,0,0,0,0,0,0,0,0,0,0.0,0.0,0.0,0.0,0.0,0.0,0.0,0.0,0.0,0.0,0.0,0.0,0.0,0.0,0.0,0.0,0.0,0.0,0.0,0.0,0.0,0.0,0.0,0.0,0.0,0.0,0.0,0.0,0.0,0.0,0.0,0.0,0.0,0.0,0.0,0.0,0.0,0.0,0,0,0,0,0,0,0,1.0,0,0,0,0,0,0,0,0,0,0,0,0,0,0,0,0,1.0,0,0,0,0,0,0,0,0,0,0,0,0,0,0,0,0,0.707,0,0,0,0,0,0,0,0,0,1.0,1.0,0.707,0,0,1.0,1.0,0.707,0,0,0,0,0,0,0,0,0,1,0,0,0,0,0,0,0,0,0,0,0,0,0,0,0,0,1,0,0,0,0,0,0,0,0,0,0.0,0.0,0.0,0.0,0.0,0.0,0.0,1.0,0.0,0.0,0.0,0.0,0.0,0.0,0.0,0.0,0.0,0.0,0.0,0.0,0.0,0.0,0.0,0.0,1.0,0.0,0.0,0.0,0.0,0.0,0.0,0.0,0.0,0.0,36.62,8.4,0.4,0.0,-16.0,2.62,0.003,0.004,0.006
1,0,0,1,0,0,1,1,4,1.0,4.0,4.0,1.0,1.0,0.0,0.0,0,0,0,0.0,0.0,0.0,0.0,0.0,0.0,1,0,0,0,0,0,0,0,0,0,0,0,1,0,0,0,0,0,0,1.0,0.0,0.0,0.0,0.0,0.0,0.0,0.0,0.0,0.0,0.0,0.0,1.0,0.0,0.0,0.0,0.0,0.0,0.0,1.0,0.0,0.0,0.0,0.0,0.0,0.0,0.0,0.0,0.0,0.0,0.0,1.0,0.0,0.0,0.0,0.0,0.0,0.0,0,0,0,0,0,0,0,0,1.0,0,0,0,0,0,0,0,0,0,0,0,0,0,0,0,0,1.0,0,0,0,0,0,0,0,0,0,0,0,0,0,0,0,0,0.707,0,0,0,0,0,0,0,0,1.0,1.0,0.707,0,0,1.0,1.0,0.707,0,0,0,0,0,0,0,0,0,0,1,0,0,0,0,0,0,0,0,0,0,0,0,0,0,0,0,1,0,0,0,0,0,0,0,0,0.0,0.0,0.0,0.0,0.0,0.0,0.0,0.0,1.0,0.0,0.0,0.0,0.0,0.0,0.0,0.0,0.0,0.0,0.0,0.0,0.0,0.0,0.0,0.0,0.0,1.0,0.0,0.0,0.0,0.0,0.0,0.0,0.0,0.0,121.22,-3.4,0.4,0.0,-21.88,-2.09,0.003,0.004,0.006
1,0,0,1,0,0,1,1,4,1.0,4.0,4.0,1.0,1.0,0.0,0.0,0,0,0,0.0,0.0,0.0,0.0,0.0,0.0,1,0,0,0,0,0,0,0,0,0,0,0,1,0,0,0,0,0,0,1.0,0.0,0.0,0.0,0.0,0.0,0.0,0.0,0.0,0.0,0.0,0.0,1.0,0.0,0.0,0.0,0.0,0.0,0.0,1.0,0.0,0.0,0.0,0.0,0.0,0.0,0.0,0.0,0.0,0.0,0.0,1.0,0.0,0.0,0.0,0.0,0.0,0.0,0,0,0,0,0,0,0,0,1.0,0,0,0,0,0,0,0,0,0,0,0,0,0,0,0,0,1.0,0,0,0,0,0,0,0,0,0,0,0,0,0,0,0,0,0.707,0,0,0,0,0,0,0,0,1.0,1.0,0.707,0,0,1.0,1.0,0.707,0,0,0,0,0,0,0,0,0,0,1,0,0,0,0,0,0,0,0,0,0,0,0,0,0,0,0,1,0,0,0,0,0,0,0,0,0.0,0.0,0.0,0.0,0.0,0.0,0.0,0.0,1.0,0.0,0.0,0.0,0.0,0.0,0.0,0.0,0.0,0.0,0.0,0.0,0.0,0.0,0.0,0.0,0.0,1.0,0.0,0.0,0.0,0.0,0.0,0.0,0.0,0.0,121.22,-3.4,0.4,0.0,-21.88,-2.09,0.003,0.004,0.006
2,0,0,2,0,0,2,1,8,2.0,8.0,4.0,2.0,1.0,0.0,0.0,5.24,2.0,5.754,2.62,1.0,5.24,2.0,2.877,5.754,1,0,0,0,0,0,0,0,0,0,0,0,1,0,0,0,0,0,0,0.5,0.0,0.0,0.0,0.0,0.0,0.0,0.0,0.0,0.0,0.0,0.0,0.5,0.0,0.0,0.0,0.0,0.0,0.0,1.0,0.0,0.0,0.0,0.0,0.0,0.0,0.0,0.0,0.0,0.0,0.0,1.0,0.0,0.0,0.0,0.0,0.0,0.0,0,0,0,0,0,0,0,1.0,1.0,0,0,0,0,0,0,0,0,0,0,0,0,0,0,0,1.0,1.0,0,0,0,0,0,0,0,0,0,0,0,0,0,0,0,0.707,0.707,0,0,0,0,0,0,0,0,1.0,1.414,1.0,1.0,0,1.0,1.414,1.0,1.0,0,0,0,0,0,0,0,0,1,1,0,0,0,0,0,0,0,0,0,0,0,0,0,0,0,1,1,0,0,0,0,0,0,0,0,0.0,0.0,0.0,0.0,0.0,0.0,0.0,0.5,0.5,0.0,0.0,0.0,0.0,0.0,0.0,0.0,0.0,0.0,0.0,0.0,0.0,0.0,0.0,0.0,1.0,1.0,0.0,0.0,0.0,0.0,0.0,0.0,0.0,0.0,120.205,-3.01,0.8,0.0,-7.08,-1.59,0.007,0.008,0.011
2,1,0,2,0,0,2,1,6,2.0,6.0,3.0,2.0,1.0,1.0,0.5,7.83,10.0,11.798,3.915,5.0,7.83,10.0,5.899,11.798,0,0,0,0,0,0,0,0,0,0,0,0,0,0,0,0,0,0,0,0.0,0.0,0.0,0.0,0.0,0.0,0.0,0.0,0.0,0.0,0.0,0.0,0.0,0.0,0.0,0.0,0.0,0.0,0.0,0.0,0.0,0.0,0.0,0.0,0.0,0.0,0.0,0.0,0.0,0.0,0.0,0.0,0.0,0.0,0.0,0.0,0.0,0.0,0,0,0,0,0,1.0,0,1.0,0,0,0,0,0,0,0,0,0,0,0,0,0,0,1.0,0,1.0,0,0,0,0,0,0,0,0,0,0,0,0,0,0,0.707,0,0.707,0,0,0,0,0,0,0,0,0,1.0,1.414,1.0,1.0,0,1.0,1.414,1.0,1.0,0,0,0,0,0,0,1,0,1,0,0,0,0,0,0,0,0,0,0,0,0,0,0,1,0,1,0,0,0,0,0,0,0,0,0,0.0,0.0,0.0,0.0,0.0,0.5,0.0,0.5,0.0,0.0,0.0,0.0,0.0,0.0,0.0,0.0,0.0,0.0,0.0,0.0,0.0,0.0,1.0,0.0,1.0,0.0,0.0,0.0,0.0,0.0,0.0,0.0,0.0,0.0,120.205,-3.01,0.8,0.0,-12.96,-6.3,0.007,0.008,0.011
3,1,0,6,1,0,3,1,18,3.0,18.0,6.0,6.0,2.0,1.0,0.333,4.55,5.5,7.063,1.517,1.833,4.55,5.5,2.354,7.063,1,1,0,0,0,0,0,0,0,0,0,0,0,0,0,0,0,0,0,0.333,0.333,0.0,0.0,0.0,0.0,0.0,0.0,0.0,0.0,0.0,0.0,0.0,0.0,0.0,0.0,0.0,0.0,0.0,1.0,1.0,0.0,0.0,0.0,0.0,0.0,0.0,0.0,0.0,0.0,0.0,0.0,0.0,0.0,0.0,0.0,0.0,0.0,0,1.0,0,0,0,0,0,0,0,0,0,1.0,0,0,0,0,0,0,1.0,0,0,0,0,0,0,0,0,0,1.414,0,0,0,0,0,0,0.707,0,0,0,0,0,0,0,0,0,1.0,0,0,0,0,0,1.0,1.732,1.225,1.0,0,1.0,1.732,1.225,1.0,0,0,1,0,0,0,0,0,0,0,0,0,2,0,0,0,0,0,0,1,0,0,0,0,0,0,0,0,0,2,0,0,0,0,0,0.0,0.333,0.0,0.0,0.0,0.0,0.0,0.0,0.0,0.0,0.0,0.667,0.0,0.0,0.0,0.0,0.0,0.0,1.0,0.0,0.0,0.0,0.0,0.0,0.0,0.0,0.0,0.0,2.0,0.0,0.0,0.0,0.0,0.0,34.59,9.18,14.533,0.0,9.613,8.33,0.01,0.013,0.017
1,0,0,3,1,0,1,1,6,1.0,6.0,6.0,3.0,3.0,0.0,0.0,0,4.0,4.273,0.0,4.0,0.0,4.0,4.273,4.273,1,0,0,0,0,0,1,0,0,0,0,0,0,0,0,0,0,0,0,1.0,0.0,0.0,0.0,0.0,0.0,1.0,0.0,0.0,0.0,0.0,0.0,0.0,0.0,0.0,0.0,0.0,0.0,0.0,1.0,0.0,0.0,0.0,0.0,0.0,1.0,0.0,0.0,0.0,0.0,0.0,0.0,0.0,0.0,0.0,0.0,0.0,0.0,0,0,0,0,0,0,0,0,0,0,0,1.0,0,0,0,0,0,0,0,0,0,0,0,0,0,0,0,0,1.0,0,0,0,0,0,0,0,0,0,0,0,0,0,0,0,0,0.707,0,0,0,0,0,1.0,1.0,0.707,0,0,1.0,1.0,0.707,0,0,0,0,0,0,0,0,0,0,0,0,0,1,0,0,0,0,0,0,0,0,0,0,0,0,0,0,0,0,1,0,0,0,0,0,0.0,0.0,0.0,0.0,0.0,0.0,0.0,0.0,0.0,0.0,0.0,1.0,0.0,0.0,0.0,0.0,0.0,0.0,0.0,0.0,0.0,0.0,0.0,0.0,0.0,0.0,0.0,0.0,1.0,0.0,0.0,0.0,0.0,0.0,-47.98,20.2,40.4,0.0,-10.12,7.33,0.003,0.004,0.006
1,0,0,3,1,0,1,1,11,1.0,11.0,11.0,3.0,3.0,0.0,0.0,0,0,0,0.0,0.0,0.0,0.0,0.0,0.0,0,0,0,0,0,0,0,0,0,0,0,0,0,0,0,0,0,0,0,0.0,0.0,0.0,0.0,0.0,0.0,0.0,0.0,0.0,0.0,0.0,0.0,0.0,0.0,0.0,0.0,0.0,0.0,0.0,0.0,0.0,0.0,0.0,0.0,0.0,0.0,0.0,0.0,0.0,0.0,0.0,0.0,0.0,0.0,0.0,0.0,0.0,0.0,0,0,0,0,0,0,0,0,0,0,0,0,0,0,0,1.0,0,0,0,0,0,0,0,0,0,0,0,0,0,0,0,0,1.0,0,0,0,0,0,0,0,0,0,0,0,0,0,0,0,0,0.707,0,1.0,1.0,0.707,0,0,1.0,1.0,0.707,0,0,0,0,0,0,0,0,0,0,0,0,0,0,0,0,0,1,0,0,0,0,0,0,0,0,0,0,0,0,0,0,0,0,1,0,0.0,0.0,0.0,0.0,0.0,0.0,0.0,0.0,0.0,0.0,0.0,0.0,0.0,0.0,0.0,1.0,0.0,0.0,0.0,0.0,0.0,0.0,0.0,0.0,0.0,0.0,0.0,0.0,0.0,0.0,0.0,0.0,1.0,0.0,-47.98,20.2,40.4,0.0,19.28,30.88,0.003,0.004,0.006
2,0,0,4,0,0,2,1,14,2.0,14.0,7.0,4.0,2.0,0.0,0.0,0,0,8.043,0.0,0.0,0.0,0.0,4.021,8.043,1,0,0,0,1,0,0,0,0,0,0,0,0,0,0,0,0,0,0,0.5,0.0,0.0,0.0,0.5,0.0,0.0,0.0,0.0,0.0,0.0,0.0,0.0,0.0,0.0,0.0,0.0,0.0,0.0,1.0,0.0,0.0,0.0,1.0,0.0,0.0,0.0,0.0,0.0,0.0,0.0,0.0,0.0,0.0,0.0,0.0,0.0,0.0,0,0,0,0,0,0,0,0,0,0,0,1.0,0,0,0,0,0,0,0,0,0,0,0,0,0,0,0,0,1.414,0,0,0,0,0,0,0,0,0,0,0,0,0,0,0,0,1.0,0,0,0,0,0,1.0,1.414,1.0,1.0,0,1.0,1.414,1.0,1.0,0,0,0,0,0,0,0,0,0,0,0,0,2,0,0,0,0,0,0,0,0,0,0,0,0,0,0,0,0,2,0,0,0,0,0,0.0,0.0,0.0,0.0,0.0,0.0,0.0,0.0,0.0,0.0,0.0,1.0,0.0,0.0,0.0,0.0,0.0,0.0,0.0,0.0,0.0,0.0,0.0,0.0,0.0,0.0,0.0,0.0,2.0,0.0,0.0,0.0,0.0,0.0,35.605,8.79,0.8,0.0,10.56,12.54,0.007,0.008,0.011
1,0,0,3,1,0,1,1,10,1.0,10.0,10.0,3.0,3.0,0.0,0.0,0,0,1.894,0.0,0.0,0.0,0.0,1.894,1.894,0,0,0,0,0,0,0,0,0,0,0,0,0,0,0,0,0,0,0,0.0,0.0,0.0,0.0,0.0,0.0,0.0,0.0,0.0,0.0,0.0,0.0,0.0,0.0,0.0,0.0,0.0,0.0,0.0,0.0,0.0,0.0,0.0,0.0,0.0,0.0,0.0,0.0,0.0,0.0,0.0,0.0,0.0,0.0,0.0,0.0,0.0,0.0,0,0,0,0,0,0,0,1.0,0,0,0,0,0,0,0,0,0,0,0,0,0,0,0,0,1.0,0,0,0,0,0,0,0,0,0,0,0,0,0,0,0,0,0.707,0,0,0,0,0,0,0,0,0,1.0,1.0,0.707,0,0,1.0,1.0,0.707,0,0,0,0,0,0,0,0,0,1,0,0,0,0,0,0,0,0,0,0,0,0,0,0,0,0,1,0,0,0,0,0,0,0,0,0,0.0,0.0,0.0,0.0,0.0,0.0,0.0,1.0,0.0,0.0,0.0,0.0,0.0,0.0,0.0,0.0,0.0,0.0,0.0,0.0,0.0,0.0,0.0,0.0,1.0,0.0,0.0,0.0,0.0,0.0,0.0,0.0,0.0,0.0,-47.98,20.2,40.4,0.0,13.4,26.17,0.003,0.004,0.006
2,0,0,4,0,0,2,1,11,2.0,11.0,5.5,4.0,2.0,0.0,0.0,5.31,2.0,8.015,2.655,1.0,5.31,2.0,4.008,8.015,0,0,0,0,0,0,0,0,0,0,0,0,0,0,0,0,0,0,0,0.0,0.0,0.0,0.0,0.0,0.0,0.0,0.0,0.0,0.0,0.0,0.0,0.0,0.0,0.0,0.0,0.0,0.0,0.0,0.0,0.0,0.0,0.0,0.0,0.0,0.0,0.0,0.0,0.0,0.0,0.0,0.0,0.0,0.0,0.0,0.0,0.0,0.0,1.0,0,0,0,0,0,0,0,0,0,0,1.0,0,0,0,0,0,1.0,0,0,0,0,0,0,0,0,0,0,1.0,0,0,0,0,0,0.707,0,0,0,0,0,0,0,0,0,0,0.707,0,0,0,0,0,1.0,1.414,1.0,1.0,0,1.0,1.414,1.0,1.0,0,1,0,0,0,0,0,0,0,0,0,0,1,0,0,0,0,0,1,0,0,0,0,0,0,0,0,0,0,1,0,0,0,0,0,0.5,0.0,0.0,0.0,0.0,0.0,0.0,0.0,0.0,0.0,0.0,0.5,0.0,0.0,0.0,0.0,0.0,1.0,0.0,0.0,0.0,0.0,0.0,0.0,0.0,0.0,0.0,0.0,1.0,0.0,0.0,0.0,0.0,0.0,35.605,8.79,0.8,0.0,1.74,5.475,0.007,0.008,0.011
3,0,0,5,1,0,3,1,16,3.0,16.0,5.333,5.0,1.667,0.0,0.0,12.31,6.0,9.352,4.103,2.0,12.31,6.0,3.117,9.352,1,0,0,0,0,0,0,0,0,0,0,0,1,0,0,0,0,0,0,0.333,0.0,0.0,0.0,0.0,0.0,0.0,0.0,0.0,0.0,0.0,0.0,0.333,0.0,0.0,0.0,0.0,0.0,0.0,1.0,0.0,0.0,0.0,0.0,0.0,0.0,0.0,0.0,0.0,0.0,0.0,1.0,0.0,0.0,0.0,0.0,0.0,0.0,1.0,0,0,0,0,0,0,1.0,0,0,0,0,0,0,0,0,0,1.414,0,0,0,0,0,0,1.0,0,0,0,0,0,0,0,0,0,1.0,0,0,0,0,0,0,0.707,0,0,0,0,0,0,0,0,0,1.0,1.732,1.225,1.0,0,1.0,1.732,1.225,1.0,0,2,0,0,0,0,0,0,1,0,0,0,0,0,0,0,0,0,2,0,0,0,0,0,0,1,0,0,0,0,0,0,0,0,0,0.667,0.0,0.0,0.0,0.0,0.0,0.0,0.333,0.0,0.0,0.0,0.0,0.0,0.0,0.0,0.0,0.0,2.0,0.0,0.0,0.0,0.0,0.0,0.0,1.0,0.0,0.0,0.0,0.0,0.0,0.0,0.0,0.0,0.0,62.79,5.247,14.533,0.0,5.693,5.19,0.01,0.013,0.017
2,0,0,4,1,0,2,1,11,2.0,11.0,5.5,4.0,2.0,0.0,0.0,7.0,4.0,4.319,3.5,2.0,7.0,4.0,2.159,4.319,1,0,0,0,0,0,0,0,0,0,0,0,1,0,0,0,0,0,0,0.5,0.0,0.0,0.0,0.0,0.0,0.0,0.0,0.0,0.0,0.0,0.0,0.5,0.0,0.0,0.0,0.0,0.0,0.0,1.0,0.0,0.0,0.0,0.0,0.0,0.0,0.0,0.0,0.0,0.0,0.0,1.0,0.0,0.0,0.0,0.0,0.0,0.0,1.0,0,0,0,0,0,0,1.0,0,0,0,0,0,0,0,0,0,1.0,0,0,0,0,0,0,1.0,0,0,0,0,0,0,0,0,0,0.707,0,0,0,0,0,0,0.707,0,0,0,0,0,0,0,0,0,1.0,1.414,1.0,1.0,0,1.0,1.414,1.0,1.0,0,1,0,0,0,0,0,0,1,0,0,0,0,0,0,0,0,0,1,0,0,0,0,0,0,1,0,0,0,0,0,0,0,0,0,0.5,0.0,0.0,0.0,0.0,0.0,0.0,0.5,0.0,0.0,0.0,0.0,0.0,0.0,0.0,0.0,0.0,1.0,0.0,0.0,0.0,0.0,0.0,0.0,1.0,0.0,0.0,0.0,0.0,0.0,0.0,0.0,0.0,0.0,35.605,8.79,20.8,0.0,1.74,5.475,0.007,0.008,0.011
1,0,0,4,1,1,1,1,10,1.0,10.0,10.0,4.0,4.0,0.0,0.0,10.17,6.0,2.707,10.17,6.0,10.17,6.0,2.707,2.707,0,0,0,0,0,0,0,0,0,0,0,0,0,0,0,0,0,0,0,0.0,0.0,0.0,0.0,0.0,0.0,0.0,0.0,0.0,0.0,0.0,0.0,0.0,0.0,0.0,0.0,0.0,0.0,0.0,0.0,0.0,0.0,0.0,0.0,0.0,0.0,0.0,0.0,0.0,0.0,0.0,0.0,0.0,0.0,0.0,0.0,0.0,0.0,0,0,0,0,0,0,0,1.0,0,0,0,0,0,0,0,0,0,0,0,0,0,0,0,0,1.0,0,0,0,0,0,0,0,0,0,0,0,0,0,0,0,0,0.707,0,0,0,0,0,0,0,0,0,1.0,1.0,0.707,0,0,1.0,1.0,0.707,0,0,0,0,0,0,0,0,0,1,0,0,0,0,0,0,0,0,0,0,0,0,0,0,0,0,1,0,0,0,0,0,0,0,0,0,0.0,0.0,0.0,0.0,0.0,0.0,0.0,1.0,0.0,0.0,0.0,0.0,0.0,0.0,0.0,0.0,0.0,0.0,0.0,0.0,0.0,0.0,0.0,0.0,1.0,0.0,0.0,0.0,0.0,0.0,0.0,0.0,0.0,0.0,-132.58,32.0,40.4,5.713,13.4,26.17,0.003,0.004,0.006
1,0,0,2,0,0,1,1,7,1.0,7.0,7.0,2.0,2.0,0.0,0.0,9.78,12.0,2.333,9.78,12.0,9.78,12.0,2.333,2.333,0,0,0,0,0,0,0,0,0,0,0,0,0,0,0,0,0,0,0,0.0,0.0,0.0,0.0,0.0,0.0,0.0,0.0,0.0,0.0,0.0,0.0,0.0,0.0,0.0,0.0,0.0,0.0,0.0,0.0,0.0,0.0,0.0,0.0,0.0,0.0,0.0,0.0,0.0,0.0,0.0,0.0,0.0,0.0,0.0,0.0,0.0,0.0,0,0,0,0,0,0,0,1.0,0,0,0,0,0,0,0,0,0,0,0,0,0,0,0,0,1.0,0,0,0,0,0,0,0,0,0,0,0,0,0,0,0,0,0.707,0,0,0,0,0,0,0,0,0,1.0,1.0,0.707,0,0,1.0,1.0,0.707,0,0,0,0,0,0,0,0,0,1,0,0,0,0,0,0,0,0,0,0,0,0,0,0,0,0,1,0,0,0,0,0,0,0,0,0,0.0,0.0,0.0,0.0,0.0,0.0,0.0,1.0,0.0,0.0,0.0,0.0,0.0,0.0,0.0,0.0,0.0,0.0,0.0,0.0,0.0,0.0,0.0,0.0,1.0,0.0,0.0,0.0,0.0,0.0,0.0,0.0,0.0,0.0,36.62,8.4,0.4,0.0,-4.24,12.04,0.003,0.004,0.006
1,0,0,1,0,0,1,1,4,1.0,4.0,4.0,1.0,1.0,0.0,0.0,0,0,0,0.0,0.0,0.0,0.0,0.0,0.0,1,0,0,0,0,0,0,0,0,0,0,0,0,0,0,0,0,1,0,1.0,0.0,0.0,0.0,0.0,0.0,0.0,0.0,0.0,0.0,0.0,0.0,0.0,0.0,0.0,0.0,0.0,1.0,0.0,1.0,0.0,0.0,0.0,0.0,0.0,0.0,0.0,0.0,0.0,0.0,0.0,0.0,0.0,0.0,0.0,0.0,1.0,0.0,1.0,0,0,0,0,0,0,0,0,0,0,0,0,0,0,0,0,1.0,0,0,0,0,0,0,0,0,0,0,0,0,0,0,0,0,0.707,0,0,0,0,0,0,0,0,0,0,0,0,0,0,0,0,1.0,1.0,0.707,0,0,1.0,1.0,0.707,0,0,1,0,0,0,0,0,0,0,0,0,0,0,0,0,0,0,0,1,0,0,0,0,0,0,0,0,0,0,0,0,0,0,0,0,1.0,0.0,0.0,0.0,0.0,0.0,0.0,0.0,0.0,0.0,0.0,0.0,0.0,0.0,0.0,0.0,0.0,1.0,0.0,0.0,0.0,0.0,0.0,0.0,0.0,0.0,0.0,0.0,0.0,0.0,0.0,0.0,0.0,0.0,121.22,-3.4,0.4,0.0,-21.88,-2.09,0.003,0.004,0.006
2,0,0,5,1,0,2,1,13,2.0,13.0,6.5,5.0,2.5,0.0,0.0,7.56,2.0,7.238,3.78,1.0,7.56,2.0,3.619,7.238,1,0,0,0,0,1,0,0,0,0,0,0,0,0,0,0,0,0,0,0.5,0.0,0.0,0.0,0.0,0.5,0.0,0.0,0.0,0.0,0.0,0.0,0.0,0.0,0.0,0.0,0.0,0.0,0.0,1.0,0.0,0.0,0.0,0.0,1.0,0.0,0.0,0.0,0.0,0.0,0.0,0.0,0.0,0.0,0.0,0.0,0.0,0.0,1.0,0,0,0,0,0,0,0,0,0,0,1.0,0,0,0,0,0,1.0,0,0,0,0,0,0,0,0,0,0,1.0,0,0,0,0,0,0.707,0,0,0,0,0,0,0,0,0,0,0.707,0,0,0,0,0,1.0,1.414,1.0,1.0,0,1.0,1.414,1.0,1.0,0,1,0,0,0,0,0,0,0,0,0,0,1,0,0,0,0,0,1,0,0,0,0,0,0,0,0,0,0,1,0,0,0,0,0,0.5,0.0,0.0,0.0,0.0,0.0,0.0,0.0,0.0,0.0,0.0,0.5,0.0,0.0,0.0,0.0,0.0,1.0,0.0,0.0,0.0,0.0,0.0,0.0,0.0,0.0,0.0,0.0,1.0,0.0,0.0,0.0,0.0,0.0,-6.695,14.69,20.8,0.0,7.62,10.185,0.007,0.008,0.011
3,0,0,11,2,2,3,1,29,3.0,29.0,9.667,11.0,3.667,0.0,0.0,33.82,16.667,8.964,11.273,5.556,33.82,16.667,2.988,8.964,0,0,0,0,0,0,0,0,0,0,0,0,0,0,0,0,0,0,0,0.0,0.0,0.0,0.0,0.0,0.0,0.0,0.0,0.0,0.0,0.0,0.0,0.0,0.0,0.0,0.0,0.0,0.0,0.0,0.0,0.0,0.0,0.0,0.0,0.0,0.0,0.0,0.0,0.0,0.0,0.0,0.0,0.0,0.0,0.0,0.0,0.0,0.0,1.0,0,0,0,0,0,0,1.0,0,0,0,0,0,0,0,0,0,1.0,0,0,0,0,0,0,1.414,0,0,0,0,0,0,0,0,0,0.707,0,0,0,0,0,0,1.0,0,0,0,0,0,0,0,0,0,1.0,1.732,1.225,1.0,0,1.0,1.732,1.225,1.0,0,1,0,0,0,0,0,0,2,0,0,0,0,0,0,0,0,0,1,0,0,0,0,0,0,2,0,0,0,0,0,0,0,0,0,0.333,0.0,0.0,0.0,0.0,0.0,0.0,0.667,0.0,0.0,0.0,0.0,0.0,0.0,0.0,0.0,0.0,1.0,0.0,0.0,0.0,0.0,0.0,0.0,2.0,0.0,0.0,0.0,0.0,0.0,0.0,0.0,0.0,0.0,-106.41,28.847,27.867,8.079,31.173,25.6,0.01,0.013,0.017
6,2,0,15,4,1,6,1,41,6.0,41.0,6.833,15.0,2.5,2.0,0.333,42.92,36.333,27.742,7.153,6.056,42.92,36.333,4.624,27.742,0,0,0,0,0,0,0,0,0,0,0,0,0,0,0,0,0,0,0,0.0,0.0,0.0,0.0,0.0,0.0,0.0,0.0,0.0,0.0,0.0,0.0,0.0,0.0,0.0,0.0,0.0,0.0,0.0,0.0,0.0,0.0,0.0,0.0,0.0,0.0,0.0,0.0,0.0,0.0,0.0,0.0,0.0,0.0,0.0,0.0,0.0,0.0,1.0,0,0,0,0,0,0,1.0,0,0,1.0,0,0,1.0,0,1.0,0,1.0,0,0,0,0,0,0,1.414,0,0,1.0,0,0,1.0,0,1.0,0,0.707,0,0,0,0,0,0,1.0,0,0,0.707,0,0,0.707,0,0.707,0,1.0,2.449,1.732,1.0,0,1.0,2.449,1.732,1.0,0,1,0,0,0,0,0,0,2,0,0,1,0,0,1,0,1,0,1,0,0,0,0,0,0,2,0,0,1,0,0,1,0,1,0,0.167,0.0,0.0,0.0,0.0,0.0,0.0,0.333,0.0,0.0,0.167,0.0,0.0,0.167,0.0,0.167,0.0,1.0,0.0,0.0,0.0,0.0,0.0,0.0,2.0,0.0,0.0,1.0,0.0,0.0,1.0,0.0,1.0,0.0,-10.755,16.25,29.067,5.713,19.447,13.755,0.02,0.025,0.034
6,2,0,17,3,2,6,1,42,6.0,42.0,7.0,17.0,2.833,2.0,0.333,44.37,37.167,25.094,7.395,6.194,44.37,37.167,4.182,25.094,0,0,0,0,0,0,0,0,0,0,0,0,0,0,0,0,0,0,0,0.0,0.0,0.0,0.0,0.0,0.0,0.0,0.0,0.0,0.0,0.0,0.0,0.0,0.0,0.0,0.0,0.0,0.0,0.0,0.0,0.0,0.0,0.0,0.0,0.0,0.0,0.0,0.0,0.0,0.0,0.0,0.0,0.0,0.0,0.0,0.0,0.0,0.0,0,1.0,0,0,1.0,0,0,1.0,0,0,0,0,0,0,0,0,0,0,1.0,0,0,1.0,0,0,2.0,0,0,0,0,0,0,0,0,0,0,0.707,0,0,0.707,0,0,1.414,0,0,0,0,0,0,0,0,0,1.0,2.449,1.732,1.0,0,1.0,2.449,1.732,1.0,0,0,1,0,0,1,0,0,4,0,0,0,0,0,0,0,0,0,0,1,0,0,1,0,0,4,0,0,0,0,0,0,0,0,0,0.0,0.167,0.0,0.0,0.167,0.0,0.0,0.667,0.0,0.0,0.0,0.0,0.0,0.0,0.0,0.0,0.0,0.0,1.0,0.0,0.0,1.0,0.0,0.0,4.0,0.0,0.0,0.0,0.0,0.0,0.0,0.0,0.0,0.0,-38.955,20.183,22.4,8.079,20.427,14.54,0.02,0.025,0.034
2,0,0,4,0,0,2,1,15,2.0,15.0,7.5,4.0,2.0,0.0,0.0,15.63,16.0,9.743,7.815,8.0,15.63,16.0,4.871,9.743,0,0,0,0,0,0,0,0,0,0,0,0,0,0,0,0,0,0,0,0.0,0.0,0.0,0.0,0.0,0.0,0.0,0.0,0.0,0.0,0.0,0.0,0.0,0.0,0.0,0.0,0.0,0.0,0.0,0.0,0.0,0.0,0.0,0.0,0.0,0.0,0.0,0.0,0.0,0.0,0.0,0.0,0.0,0.0,0.0,0.0,0.0,0.0,0,0,0,0,0,0,0,1.0,0,0,0,1.0,0,0,0,0,0,0,0,0,0,0,0,0,1.0,0,0,0,1.0,0,0,0,0,0,0,0,0,0,0,0,0,0.707,0,0,0,0.707,0,0,0,0,0,1.0,1.414,1.0,1.0,0,1.0,1.414,1.0,1.0,0,0,0,0,0,0,0,0,1,0,0,0,1,0,0,0,0,0,0,0,0,0,0,0,0,1,0,0,0,1,0,0,0,0,0,0.0,0.0,0.0,0.0,0.0,0.0,0.0,0.5,0.0,0.0,0.0,0.5,0.0,0.0,0.0,0.0,0.0,0.0,0.0,0.0,0.0,0.0,0.0,0.0,1.0,0.0,0.0,0.0,1.0,0.0,0.0,0.0,0.0,0.0,35.605,8.79,0.8,0.0,13.5,14.895,0.007,0.008,0.011
1,0,0,1,0,0,1,1,4,1.0,4.0,4.0,1.0,1.0,0.0,0.0,0,0,0,0.0,0.0,0.0,0.0,0.0,0.0,1,0,0,0,0,0,0,0,0,0,0,0,1,0,0,0,0,0,0,1.0,0.0,0.0,0.0,0.0,0.0,0.0,0.0,0.0,0.0,0.0,0.0,1.0,0.0,0.0,0.0,0.0,0.0,0.0,1.0,0.0,0.0,0.0,0.0,0.0,0.0,0.0,0.0,0.0,0.0,0.0,1.0,0.0,0.0,0.0,0.0,0.0,0.0,0,0,0,0,0,0,0,0,1.0,0,0,0,0,0,0,0,0,0,0,0,0,0,0,0,0,1.0,0,0,0,0,0,0,0,0,0,0,0,0,0,0,0,0,0.707,0,0,0,0,0,0,0,0,1.0,1.0,0.707,0,0,1.0,1.0,0.707,0,0,0,0,0,0,0,0,0,0,1,0,0,0,0,0,0,0,0,0,0,0,0,0,0,0,0,1,0,0,0,0,0,0,0,0,0.0,0.0,0.0,0.0,0.0,0.0,0.0,0.0,1.0,0.0,0.0,0.0,0.0,0.0,0.0,0.0,0.0,0.0,0.0,0.0,0.0,0.0,0.0,0.0,0.0,1.0,0.0,0.0,0.0,0.0,0.0,0.0,0.0,0.0,121.22,-3.4,0.4,0.0,-21.88,-2.09,0.003,0.004,0.006
2,0,0,4,0,0,2,1,15,2.0,15.0,7.5,4.0,2.0,0.0,0.0,15.63,16.0,9.743,7.815,8.0,15.63,16.0,4.871,9.743,0,0,0,0,0,0,0,0,0,0,0,0,0,0,0,0,0,0,0,0.0,0.0,0.0,0.0,0.0,0.0,0.0,0.0,0.0,0.0,0.0,0.0,0.0,0.0,0.0,0.0,0.0,0.0,0.0,0.0,0.0,0.0,0.0,0.0,0.0,0.0,0.0,0.0,0.0,0.0,0.0,0.0,0.0,0.0,0.0,0.0,0.0,0.0,0,0,0,0,0,0,0,1.0,0,0,0,1.0,0,0,0,0,0,0,0,0,0,0,0,0,1.0,0,0,0,1.0,0,0,0,0,0,0,0,0,0,0,0,0,0.707,0,0,0,0.707,0,0,0,0,0,1.0,1.414,1.0,1.0,0,1.0,1.414,1.0,1.0,0,0,0,0,0,0,0,0,1,0,0,0,1,0,0,0,0,0,0,0,0,0,0,0,0,1,0,0,0,1,0,0,0,0,0,0.0,0.0,0.0,0.0,0.0,0.0,0.0,0.5,0.0,0.0,0.0,0.5,0.0,0.0,0.0,0.0,0.0,0.0,0.0,0.0,0.0,0.0,0.0,0.0,1.0,0.0,0.0,0.0,1.0,0.0,0.0,0.0,0.0,0.0,35.605,8.79,0.8,0.0,13.5,14.895,0.007,0.008,0.011
2,0,0,5,1,0,2,1,16,2.0,16.0,8.0,5.0,2.5,0.0,0.0,13.63,9.0,9.627,6.815,4.5,13.63,9.0,4.813,9.627,0,0,0,0,0,0,0,0,0,0,0,0,0,0,0,0,0,0,0,0.0,0.0,0.0,0.0,0.0,0.0,0.0,0.0,0.0,0.0,0.0,0.0,0.0,0.0,0.0,0.0,0.0,0.0,0.0,0.0,0.0,0.0,0.0,0.0,0.0,0.0,0.0,0.0,0.0,0.0,0.0,0.0,0.0,0.0,0.0,0.0,0.0,0.0,0,0,0,0,0,0,0,1.0,0,0,0,0,0,0,0,0,0,0,0,0,0,0,0,0,1.414,0,0,0,0,0,0,0,0,0,0,0,0,0,0,0,0,1.0,0,0,0,0,0,0,0,0,0,1.0,1.414,1.0,1.0,0,1.0,1.414,1.0,1.0,0,0,0,0,0,0,0,0,2,0,0,0,0,0,0,0,0,0,0,0,0,0,0,0,0,2,0,0,0,0,0,0,0,0,0,0.0,0.0,0.0,0.0,0.0,0.0,0.0,1.0,0.0,0.0,0.0,0.0,0.0,0.0,0.0,0.0,0.0,0.0,0.0,0.0,0.0,0.0,0.0,0.0,2.0,0.0,0.0,0.0,0.0,0.0,0.0,0.0,0.0,0.0,-6.695,14.69,20.8,0.0,16.44,17.25,0.007,0.008,0.011
2,0,0,5,1,1,2,1,14,2.0,14.0,7.0,5.0,2.5,0.0,0.0,22.22,19.0,5.899,11.11,9.5,22.22,19.0,2.95,5.899,0,0,0,0,0,0,0,0,0,0,0,0,0,0,0,0,0,0,0,0.0,0.0,0.0,0.0,0.0,0.0,0.0,0.0,0.0,0.0,0.0,0.0,0.0,0.0,0.0,0.0,0.0,0.0,0.0,0.0,0.0,0.0,0.0,0.0,0.0,0.0,0.0,0.0,0.0,0.0,0.0,0.0,0.0,0.0,0.0,0.0,0.0,0.0,1.0,0,0,0,0,0,0,1.0,0,0,0,0,0,0,0,0,0,1.0,0,0,0,0,0,0,1.0,0,0,0,0,0,0,0,0,0,0.707,0,0,0,0,0,0,0.707,0,0,0,0,0,0,0,0,0,1.0,1.414,1.0,1.0,0,1.0,1.414,1.0,1.0,0,1,0,0,0,0,0,0,1,0,0,0,0,0,0,0,0,0,1,0,0,0,0,0,0,1,0,0,0,0,0,0,0,0,0,0.5,0.0,0.0,0.0,0.0,0.0,0.0,0.5,0.0,0.0,0.0,0.0,0.0,0.0,0.0,0.0,0.0,1.0,0.0,0.0,0.0,0.0,0.0,0.0,1.0,0.0,0.0,0.0,0.0,0.0,0.0,0.0,0.0,0.0,-6.695,14.69,20.8,5.713,10.56,12.54,0.007,0.008,0.011
3,1,0,8,1,1,3,1,21,3.0,21.0,7.0,8.0,2.667,1.0,0.333,21.24,7.0,14.42,7.08,2.333,21.24,7.0,4.807,14.42,0,0,0,0,0,0,0,0,0,0,0,0,0,0,0,0,0,0,0,0.0,0.0,0.0,0.0,0.0,0.0,0.0,0.0,0.0,0.0,0.0,0.0,0.0,0.0,0.0,0.0,0.0,0.0,0.0,0.0,0.0,0.0,0.0,0.0,0.0,0.0,0.0,0.0,0.0,0.0,0.0,0.0,0.0,0.0,0.0,0.0,0.0,0.0,1.0,0,0,0,0,1.0,0,1.0,0,0,0,0,0,0,0,0,0,1.0,0,0,0,0,1.0,0,1.0,0,0,0,0,0,0,0,0,0,0.707,0,0,0,0,0.707,0,0.707,0,0,0,0,0,0,0,0,0,1.0,1.732,1.225,1.0,0,1.0,1.732,1.225,1.0,0,1,0,0,0,0,1,0,1,0,0,0,0,0,0,0,0,0,1,0,0,0,0,1,0,1,0,0,0,0,0,0,0,0,0,0.333,0.0,0.0,0.0,0.0,0.333,0.0,0.333,0.0,0.0,0.0,0.0,0.0,0.0,0.0,0.0,0.0,1.0,0.0,0.0,0.0,0.0,1.0,0.0,1.0,0.0,0.0,0.0,0.0,0.0,0.0,0.0,0.0,0.0,-21.81,17.047,14.533,5.713,15.493,13.04,0.01,0.013,0.017
2,0,0,5,1,0,2,1,16,2.0,16.0,8.0,5.0,2.5,0.0,0.0,13.63,9.0,9.627,6.815,4.5,13.63,9.0,4.813,9.627,0,0,0,0,0,0,0,0,0,0,0,0,0,0,0,0,0,0,0,0.0,0.0,0.0,0.0,0.0,0.0,0.0,0.0,0.0,0.0,0.0,0.0,0.0,0.0,0.0,0.0,0.0,0.0,0.0,0.0,0.0,0.0,0.0,0.0,0.0,0.0,0.0,0.0,0.0,0.0,0.0,0.0,0.0,0.0,0.0,0.0,0.0,0.0,0,0,0,0,0,0,0,1.0,0,0,0,0,0,0,0,0,0,0,0,0,0,0,0,0,1.414,0,0,0,0,0,0,0,0,0,0,0,0,0,0,0,0,1.0,0,0,0,0,0,0,0,0,0,1.0,1.414,1.0,1.0,0,1.0,1.414,1.0,1.0,0,0,0,0,0,0,0,0,2,0,0,0,0,0,0,0,0,0,0,0,0,0,0,0,0,2,0,0,0,0,0,0,0,0,0,0.0,0.0,0.0,0.0,0.0,0.0,0.0,1.0,0.0,0.0,0.0,0.0,0.0,0.0,0.0,0.0,0.0,0.0,0.0,0.0,0.0,0.0,0.0,0.0,2.0,0.0,0.0,0.0,0.0,0.0,0.0,0.0,0.0,0.0,-6.695,14.69,20.8,0.0,16.44,17.25,0.007,0.008,0.011
11,5,0,14,2,0,10,1,52,11.0,52.0,4.727,14.0,1.273,5.0,0.455,66.43,56.782,63.19,6.039,5.162,66.43,56.782,5.745,63.19,0,0,0,0,0,0,0,0,0,0,0,0,0,0,0,0,0,0,0,0.0,0.0,0.0,0.0,0.0,0.0,0.0,0.0,0.0,0.0,0.0,0.0,0.0,0.0,0.0,0.0,0.0,0.0,0.0,0.0,0.0,0.0,0.0,0.0,0.0,0.0,0.0,0.0,0.0,0.0,0.0,0.0,0.0,0.0,0.0,0.0,0.0,0.0,1.0,0,0,0,0,0.5,0,1.0,0,1.0,0,1.0,0,1.0,0,1.0,0,1.414,0,0,0,0,0.707,0,1.414,0,1.0,0,1.0,0,1.0,0,1.414,0,1.0,0,0,0,0,0.5,0,1.0,0,0.707,0,0.707,0,0.707,0,1.0,0,0.909,3.015,2.132,0.96,55.628,0.909,3.015,2.132,0.96,55.628,2,0,0,0,0,2,0,2,0,1,0,1,0,1,0,2,0,2,0,0,0,0,1,0,2,0,1,0,1,0,1,0,2,0,0.182,0.0,0.0,0.0,0.0,0.182,0.0,0.182,0.0,0.091,0.0,0.091,0.0,0.091,0.0,0.182,0.0,2.0,0.0,0.0,0.0,0.0,2.0,0.0,2.0,0.0,1.0,0.0,1.0,0.0,1.0,0.0,2.0,0.0,87.997,3.718,11.673,0.0,9.305,6.335,0.037,0.046,0.063
3,1,0,4,0,0,3,1,14,3.0,14.0,4.667,4.0,1.333,1.0,0.333,12.83,11.0,3.535,4.277,3.667,12.83,11.0,1.178,3.535,1,0,0,0,1,0,0,0,0,0,0,0,0,0,0,0,0,0,0,0.333,0.0,0.0,0.0,0.333,0.0,0.0,0.0,0.0,0.0,0.0,0.0,0.0,0.0,0.0,0.0,0.0,0.0,0.0,1.0,0.0,0.0,0.0,1.0,0.0,0.0,0.0,0.0,0.0,0.0,0.0,0.0,0.0,0.0,0.0,0.0,0.0,0.0,0,0,0,0,0,0,0,1.0,0,1.0,0,1.0,0,0,0,0,0,0,0,0,0,0,0,0,1.0,0,1.0,0,1.0,0,0,0,0,0,0,0,0,0,0,0,0,0.707,0,0.707,0,0.707,0,0,0,0,0,1.0,1.732,1.225,1.0,0,1.0,1.732,1.225,1.0,0,0,0,0,0,0,0,0,1,0,1,0,1,0,0,0,0,0,0,0,0,0,0,0,0,1,0,1,0,1,0,0,0,0,0,0.0,0.0,0.0,0.0,0.0,0.0,0.0,0.333,0.0,0.333,0.0,0.333,0.0,0.0,0.0,0.0,0.0,0.0,0.0,0.0,0.0,0.0,0.0,0.0,1.0,0.0,1.0,0.0,1.0,0.0,0.0,0.0,0.0,0.0,90.99,1.313,1.2,0.0,1.773,2.05,0.01,0.013,0.017
3,1,0,5,0,0,3,1,14,3.0,14.0,4.667,5.0,1.667,1.0,0.333,9.42,9.5,12.156,3.14,3.167,9.42,9.5,4.052,12.156,0,0,0,0,0,0,0,0,0,0,0,0,0,0,0,0,0,0,0,0.0,0.0,0.0,0.0,0.0,0.0,0.0,0.0,0.0,0.0,0.0,0.0,0.0,0.0,0.0,0.0,0.0,0.0,0.0,0.0,0.0,0.0,0.0,0.0,0.0,0.0,0.0,0.0,0.0,0.0,0.0,0.0,0.0,0.0,0.0,0.0,0.0,0.0,0,0,0,0,0,1.0,0,1.0,0,0,0,1.0,0,0,0,0,0,0,0,0,0,0,1.0,0,1.0,0,0,0,1.0,0,0,0,0,0,0,0,0,0,0,0.707,0,0.707,0,0,0,0.707,0,0,0,0,0,1.0,1.732,1.225,1.0,0,1.0,1.732,1.225,1.0,0,0,0,0,0,0,1,0,1,0,0,0,1,0,0,0,0,0,0,0,0,0,0,1,0,1,0,0,0,1,0,0,0,0,0,0.0,0.0,0.0,0.0,0.0,0.333,0.0,0.333,0.0,0.0,0.0,0.333,0.0,0.0,0.0,0.0,0.0,0.0,0.0,0.0,0.0,0.0,1.0,0.0,1.0,0.0,0.0,0.0,1.0,0.0,0.0,0.0,0.0,0.0,62.79,5.247,1.2,0.0,1.773,2.05,0.01,0.013,0.017
4,1,0,10,1,1,4,1,27,4.0,27.0,6.75,10.0,2.5,1.0,0.25,22.42,9.5,14.292,5.605,2.375,22.42,9.5,3.573,14.292,0,0,0,0,0,0,0,0,0,0,0,0,0,0,0,0,0,0,0,0.0,0.0,0.0,0.0,0.0,0.0,0.0,0.0,0.0,0.0,0.0,0.0,0.0,0.0,0.0,0.0,0.0,0.0,0.0,0.0,0.0,0.0,0.0,0.0,0.0,0.0,0.0,0.0,0.0,0.0,0.0,0.0,0.0,0.0,0.0,0.0,0.0,0.0,1.0,0,0,0,0,1.0,0,1.0,0,0,0,0,0,0,0,0,0,1.0,0,0,0,0,1.0,0,1.414,0,0,0,0,0,0,0,0,0,0.707,0,0,0,0,0.707,0,1.0,0,0,0,0,0,0,0,0,0,1.0,2.0,1.414,1.0,0,1.0,2.0,1.414,1.0,0,1,0,0,0,0,1,0,2,0,0,0,0,0,0,0,0,0,1,0,0,0,0,1,0,2,0,0,0,0,0,0,0,0,0,0.25,0.0,0.0,0.0,0.0,0.25,0.0,0.5,0.0,0.0,0.0,0.0,0.0,0.0,0.0,0.0,0.0,1.0,0.0,0.0,0.0,0.0,1.0,0.0,2.0,0.0,0.0,0.0,0.0,0.0,0.0,0.0,0.0,0.0,-8.725,15.47,11.6,5.713,16.49,12.363,0.013,0.017,0.023
2,0,0,6,1,1,2,1,17,2.0,17.0,8.5,6.0,3.0,0.0,0.0,17.11,13.286,7.117,8.555,6.643,17.11,13.286,3.559,7.117,0,0,0,0,0,0,0,0,0,0,0,0,0,0,0,0,0,0,0,0.0,0.0,0.0,0.0,0.0,0.0,0.0,0.0,0.0,0.0,0.0,0.0,0.0,0.0,0.0,0.0,0.0,0.0,0.0,0.0,0.0,0.0,0.0,0.0,0.0,0.0,0.0,0.0,0.0,0.0,0.0,0.0,0.0,0.0,0.0,0.0,0.0,0.0,0,0,0,0,0,0,0,1.0,0,0,0,0,0,0,0,0,0,0,0,0,0,0,0,0,1.414,0,0,0,0,0,0,0,0,0,0,0,0,0,0,0,0,1.0,0,0,0,0,0,0,0,0,0,1.0,1.414,1.0,1.0,0,1.0,1.414,1.0,1.0,0,0,0,0,0,0,0,0,2,0,0,0,0,0,0,0,0,0,0,0,0,0,0,0,0,2,0,0,0,0,0,0,0,0,0,0.0,0.0,0.0,0.0,0.0,0.0,0.0,1.0,0.0,0.0,0.0,0.0,0.0,0.0,0.0,0.0,0.0,0.0,0.0,0.0,0.0,0.0,0.0,0.0,2.0,0.0,0.0,0.0,0.0,0.0,0.0,0.0,0.0,0.0,-48.995,20.59,20.8,5.713,19.38,19.605,0.007,0.008,0.011
3,0,0,7,1,0,3,1,20,3.0,20.0,6.667,7.0,2.333,0.0,0.0,24.96,26.833,12.652,8.32,8.944,24.96,26.833,4.217,12.652,0,0,0,0,0,0,0,0,0,0,0,0,0,0,0,0,0,0,0,0.0,0.0,0.0,0.0,0.0,0.0,0.0,0.0,0.0,0.0,0.0,0.0,0.0,0.0,0.0,0.0,0.0,0.0,0.0,0.0,0.0,0.0,0.0,0.0,0.0,0.0,0.0,0.0,0.0,0.0,0.0,0.0,0.0,0.0,0.0,0.0,0.0,0.0,1.0,0,0,0,0,0,0,1.0,0,0,0,0,0,0,0,0,0,1.0,0,0,0,0,0,0,1.414,0,0,0,0,0,0,0,0,0,0.707,0,0,0,0,0,0,1.0,0,0,0,0,0,0,0,0,0,1.0,1.732,1.225,1.0,0,1.0,1.732,1.225,1.0,0,1,0,0,0,0,0,0,2,0,0,0,0,0,0,0,0,0,1,0,0,0,0,0,0,2,0,0,0,0,0,0,0,0,0,0.333,0.0,0.0,0.0,0.0,0.0,0.0,0.667,0.0,0.0,0.0,0.0,0.0,0.0,0.0,0.0,0.0,1.0,0.0,0.0,0.0,0.0,0.0,0.0,2.0,0.0,0.0,0.0,0.0,0.0,0.0,0.0,0.0,0.0,6.39,13.113,14.533,0.0,13.533,11.47,0.01,0.013,0.017
3,0,1,6,1,1,3,1,17,3.0,17.0,5.667,6.0,2.0,0.0,0.0,13.0,8.0,5.712,4.333,2.667,13.0,8.0,1.904,5.712,0,0,0,0,0,0,0,0,0,0,0,0,0,0,0,0,0,0,0,0.0,0.0,0.0,0.0,0.0,0.0,0.0,0.0,0.0,0.0,0.0,0.0,0.0,0.0,0.0,0.0,0.0,0.0,0.0,0.0,0.0,0.0,0.0,0.0,0.0,0.0,0.0,0.0,0.0,0.0,0.0,0.0,0.0,0.0,0.0,0.0,0.0,0.0,1.0,0,0,0,0,0,0,0,0,0,0,0,0.0,0,0,0,0,1.732,0,0,0,0,0,0,0,0,0,0,0,0.0,0,0,0,0,1.225,0,0,0,0,0,0,0,0,0,0,0,0.0,0,0,0,0,1.0,1.732,1.225,1.0,0,1.0,1.732,1.225,1.0,0,3,0,0,0,0,0,0,0,0,0,0,0,1,0,0,0,0,3,0,0,0,0,0,0,0,0,0,0,0,0,0,0,0,0,1.0,0.0,0.0,0.0,0.0,0.0,0.0,0.0,0.0,0.0,0.0,0.0,0.333,0.0,0.0,0.0,0.0,3.0,0.0,0.0,0.0,0.0,0.0,0.0,0.0,0.0,0.0,0.0,0.0,1.0,0.0,0.0,0.0,0.0,34.59,9.18,14.533,5.713,7.653,6.76,0.01,0.013,0.017
2,0,0,4,1,0,2,1,16,2.0,16.0,8.0,4.0,2.0,0.0,0.0,16.78,18.0,7.366,8.39,9.0,16.78,18.0,3.683,7.366,0,0,0,0,0,0,0,0,0,0,0,0,0,0,0,0,0,0,0,0.0,0.0,0.0,0.0,0.0,0.0,0.0,0.0,0.0,0.0,0.0,0.0,0.0,0.0,0.0,0.0,0.0,0.0,0.0,0.0,0.0,0.0,0.0,0.0,0.0,0.0,0.0,0.0,0.0,0.0,0.0,0.0,0.0,0.0,0.0,0.0,0.0,0.0,0,0,0,0,0,0,0,1.0,0,0,0,0,0,0,0,0,0,0,0,0,0,0,0,0,1.414,0,0,0,0,0,0,0,0,0,0,0,0,0,0,0,0,1.0,0,0,0,0,0,0,0,0,0,1.0,1.414,1.0,1.0,0,1.0,1.414,1.0,1.0,0,0,0,0,0,0,0,0,2,0,0,0,0,0,0,0,0,0,0,0,0,0,0,0,0,2,0,0,0,0,0,0,0,0,0,0.0,0.0,0.0,0.0,0.0,0.0,0.0,1.0,0.0,0.0,0.0,0.0,0.0,0.0,0.0,0.0,0.0,0.0,0.0,0.0,0.0,0.0,0.0,0.0,2.0,0.0,0.0,0.0,0.0,0.0,0.0,0.0,0.0,0.0,35.605,8.79,20.8,0.0,16.44,17.25,0.007,0.008,0.011
2,0,0,7,2,1,2,1,19,2.0,19.0,9.5,7.0,3.5,0.0,0.0,22.16,16.0,6.88,11.08,8.0,22.16,16.0,3.44,6.88,0,0,0,0,0,0,0,0,0,0,0,0,0,0,0,0,0,0,0,0.0,0.0,0.0,0.0,0.0,0.0,0.0,0.0,0.0,0.0,0.0,0.0,0.0,0.0,0.0,0.0,0.0,0.0,0.0,0.0,0.0,0.0,0.0,0.0,0.0,0.0,0.0,0.0,0.0,0.0,0.0,0.0,0.0,0.0,0.0,0.0,0.0,0.0,0,0,0,0,0,0,0,1.0,0,0,0,0,0,0,0,0,0,0,0,0,0,0,0,0,1.414,0,0,0,0,0,0,0,0,0,0,0,0,0,0,0,0,1.0,0,0,0,0,0,0,0,0,0,1.0,1.414,1.0,1.0,0,1.0,1.414,1.0,1.0,0,0,0,0,0,0,0,0,2,0,0,0,0,0,0,0,0,0,0,0,0,0,0,0,0,2,0,0,0,0,0,0,0,0,0,0.0,0.0,0.0,0.0,0.0,0.0,0.0,1.0,0.0,0.0,0.0,0.0,0.0,0.0,0.0,0.0,0.0,0.0,0.0,0.0,0.0,0.0,0.0,0.0,2.0,0.0,0.0,0.0,0.0,0.0,0.0,0.0,0.0,0.0,-91.295,26.49,40.8,5.713,25.26,24.315,0.007,0.008,0.011
5,1,1,6,1,0,5,1,20,5.0,20.0,4.0,6.0,1.2,1.0,0.2,19.81,20.552,21.704,3.962,4.11,19.81,20.552,4.341,21.704,0,0,0,0,0,0,0,0,0,0,0,0,0,0,0,0,0,0,0,0.0,0.0,0.0,0.0,0.0,0.0,0.0,0.0,0.0,0.0,0.0,0.0,0.0,0.0,0.0,0.0,0.0,0.0,0.0,0.0,0.0,0.0,0.0,0.0,0.0,0.0,0.0,0.0,0.0,0.0,0.0,0.0,0.0,0.0,0.0,0.0,0.0,0.0,1.0,0,0,0,1.0,0,0,0,0,0,0,0,1.0,0,0,0,0,1.732,0,0,0,1.0,0,0,0,0,0,0,0,1.0,0,0,0,0,1.225,0,0,0,0.707,0,0,0,0,0,0,0,0.707,0,0,0,0,1.0,2.236,1.581,1.0,0,1.0,2.236,1.581,1.0,0,3,0,0,0,1,0,0,0,0,0,0,0,1,0,0,0,0,3,0,0,0,1,0,0,0,0,0,0,0,1,0,0,0,0,0.6,0.0,0.0,0.0,0.2,0.0,0.0,0.0,0.0,0.0,0.0,0.0,0.2,0.0,0.0,0.0,0.0,3.0,0.0,0.0,0.0,1.0,0.0,0.0,0.0,0.0,0.0,0.0,0.0,1.0,0.0,0.0,0.0,0.0,100.24,0.52,10.0,0.0,1.8,-0.09,0.017,0.021,0.029
4,0,0,12,2,1,4,1,38,4.0,38.0,9.5,12.0,3.0,0.0,0.0,34.37,18.0,8.043,8.592,4.5,34.37,18.0,2.011,8.043,0,0,0,0,0,0,0,0,0,0,0,0,0,0,0,0,0,0,0,0.0,0.0,0.0,0.0,0.0,0.0,0.0,0.0,0.0,0.0,0.0,0.0,0.0,0.0,0.0,0.0,0.0,0.0,0.0,0.0,0.0,0.0,0.0,0.0,0.0,0.0,0.0,0.0,0.0,0.0,0.0,0.0,0.0,0.0,0.0,0.0,0.0,0.0,1.0,0,0,0,0,0,0,0,0,0,0,1.0,0,0,0,1.0,0,1.0,0,0,0,0,0,0,0,0,0,0,1.414,0,0,0,1.0,0,0.707,0,0,0,0,0,0,0,0,0,0,1.0,0,0,0,0.707,0,1.0,2.0,1.414,1.0,0,1.0,2.0,1.414,1.0,0,1,0,0,0,0,0,0,0,0,0,0,2,0,0,0,1,0,1,0,0,0,0,0,0,0,0,0,0,2,0,0,0,1,0,0.25,0.0,0.0,0.0,0.0,0.0,0.0,0.0,0.0,0.0,0.0,0.5,0.0,0.0,0.0,0.25,0.0,1.0,0.0,0.0,0.0,0.0,0.0,0.0,0.0,0.0,0.0,0.0,2.0,0.0,0.0,0.0,1.0,0.0,-51.025,21.37,21.6,5.713,32.66,25.315,0.013,0.017,0.023
4,2,0,8,2,0,4,1,25,4.0,25.0,6.25,8.0,2.0,2.0,0.5,30.07,27.333,19.449,7.518,6.833,30.07,27.333,4.862,19.449,0,0,0,0,0,0,0,0,0,0,0,0,0,0,0,0,0,0,0,0.0,0.0,0.0,0.0,0.0,0.0,0.0,0.0,0.0,0.0,0.0,0.0,0.0,0.0,0.0,0.0,0.0,0.0,0.0,0.0,0.0,0.0,0.0,0.0,0.0,0.0,0.0,0.0,0.0,0.0,0.0,0.0,0.0,0.0,0.0,0.0,0.0,0.0,1.0,0,1.0,0,0,1.0,0,1.0,0,0,0,0,0,0,0,0,0,1.0,0,1.0,0,0,1.0,0,1.0,0,0,0,0,0,0,0,0,0,0.707,0,0.707,0,0,0.707,0,0.707,0,0,0,0,0,0,0,0,0,1.0,2.0,1.414,1.0,0,1.0,2.0,1.414,1.0,0,1,0,1,0,0,1,0,1,0,0,0,0,0,0,0,0,0,1,0,1,0,0,1,0,1,0,0,0,0,0,0,0,0,0,0.25,0.0,0.25,0.0,0.0,0.25,0.0,0.25,0.0,0.0,0.0,0.0,0.0,0.0,0.0,0.0,0.0,1.0,0.0,1.0,0.0,0.0,1.0,0.0,1.0,0.0,0.0,0.0,0.0,0.0,0.0,0.0,0.0,0.0,33.575,9.57,21.6,0.0,13.55,10.008,0.013,0.017,0.023
3,0,0,5,1,0,3,1,12,3.0,12.0,4.0,5.0,1.667,0.0,0.0,15.67,12.0,13.514,5.223,4.0,15.67,12.0,4.505,13.514,0,0,0,0,0,0,0,0,0,0,0,0,0,0,0,0,0,0,0,0.0,0.0,0.0,0.0,0.0,0.0,0.0,0.0,0.0,0.0,0.0,0.0,0.0,0.0,0.0,0.0,0.0,0.0,0.0,0.0,0.0,0.0,0.0,0.0,0.0,0.0,0.0,0.0,0.0,0.0,0.0,0.0,0.0,0.0,0.0,0.0,0.0,0.0,1.0,0,0,0,0,0,0,1.0,0,0,0,0,0,0,0,0,0,1.0,0,0,0,0,0,0,1.414,0,0,0,0,0,0,0,0,0,0.707,0,0,0,0,0,0,1.0,0,0,0,0,0,0,0,0,0,1.0,1.732,1.225,1.0,0,1.0,1.732,1.225,1.0,0,1,0,0,0,0,0,0,2,0,0,0,0,0,0,0,0,0,1,0,0,0,0,0,0,2,0,0,0,0,0,0,0,0,0,0.333,0.0,0.0,0.0,0.0,0.0,0.0,0.667,0.0,0.0,0.0,0.0,0.0,0.0,0.0,0.0,0.0,1.0,0.0,0.0,0.0,0.0,0.0,0.0,2.0,0.0,0.0,0.0,0.0,0.0,0.0,0.0,0.0,0.0,62.79,5.247,14.533,0.0,-2.147,-1.09,0.01,0.013,0.017
2,0,0,6,1,1,2,1,17,2.0,17.0,8.5,6.0,3.0,0.0,0.0,17.11,13.286,7.117,8.555,6.643,17.11,13.286,3.559,7.117,0,0,0,0,0,0,0,0,0,0,0,0,0,0,0,0,0,0,0,0.0,0.0,0.0,0.0,0.0,0.0,0.0,0.0,0.0,0.0,0.0,0.0,0.0,0.0,0.0,0.0,0.0,0.0,0.0,0.0,0.0,0.0,0.0,0.0,0.0,0.0,0.0,0.0,0.0,0.0,0.0,0.0,0.0,0.0,0.0,0.0,0.0,0.0,0,0,0,0,0,0,0,1.0,0,0,0,0,0,0,0,0,0,0,0,0,0,0,0,0,1.414,0,0,0,0,0,0,0,0,0,0,0,0,0,0,0,0,1.0,0,0,0,0,0,0,0,0,0,1.0,1.414,1.0,1.0,0,1.0,1.414,1.0,1.0,0,0,0,0,0,0,0,0,2,0,0,0,0,0,0,0,0,0,0,0,0,0,0,0,0,2,0,0,0,0,0,0,0,0,0,0.0,0.0,0.0,0.0,0.0,0.0,0.0,1.0,0.0,0.0,0.0,0.0,0.0,0.0,0.0,0.0,0.0,0.0,0.0,0.0,0.0,0.0,0.0,0.0,2.0,0.0,0.0,0.0,0.0,0.0,0.0,0.0,0.0,0.0,-48.995,20.59,20.8,5.713,19.38,19.605,0.007,0.008,0.011
3,0,0,6,0,0,3,1,18,3.0,18.0,6.0,6.0,2.0,0.0,0.0,17.1,14.5,13.611,5.7,4.833,17.1,14.5,4.537,13.611,0,0,0,0,0,0,0,0,0,0,0,0,0,0,0,0,0,0,0,0.0,0.0,0.0,0.0,0.0,0.0,0.0,0.0,0.0,0.0,0.0,0.0,0.0,0.0,0.0,0.0,0.0,0.0,0.0,0.0,0.0,0.0,0.0,0.0,0.0,0.0,0.0,0.0,0.0,0.0,0.0,0.0,0.0,0.0,0.0,0.0,0.0,0.0,0,0,0,0,0,0,0,1.0,0,0,0,0,0,0,0,1.0,0,0,0,0,0,0,0,0,1.414,0,0,0,0,0,0,0,1.0,0,0,0,0,0,0,0,0,1.0,0,0,0,0,0,0,0,0.707,0,1.0,1.732,1.225,1.0,0,1.0,1.732,1.225,1.0,0,0,0,0,0,0,0,0,2,0,0,0,0,0,0,0,1,0,0,0,0,0,0,0,0,2,0,0,0,0,0,0,0,1,0,0.0,0.0,0.0,0.0,0.0,0.0,0.0,0.667,0.0,0.0,0.0,0.0,0.0,0.0,0.0,0.333,0.0,0.0,0.0,0.0,0.0,0.0,0.0,0.0,2.0,0.0,0.0,0.0,0.0,0.0,0.0,0.0,1.0,0.0,34.59,9.18,1.2,0.0,9.613,8.33,0.01,0.013,0.017
3,1,0,3,0,0,3,1,11,3.0,11.0,3.667,3.0,1.0,1.0,0.333,14.97,14.682,17.342,4.99,4.894,14.97,14.682,5.781,17.342,0,0,0,0,0,0,0,0,0,0,0,0,0,0,0,0,0,0,0,0.0,0.0,0.0,0.0,0.0,0.0,0.0,0.0,0.0,0.0,0.0,0.0,0.0,0.0,0.0,0.0,0.0,0.0,0.0,0.0,0.0,0.0,0.0,0.0,0.0,0.0,0.0,0.0,0.0,0.0,0.0,0.0,0.0,0.0,0.0,0.0,0.0,0.0,0,0,0,0,1.0,0,0,1.0,0,0,0,0,0,0,0,0,0,0,0,0,0,1.0,0,0,1.414,0,0,0,0,0,0,0,0,0,0,0,0,0,0.707,0,0,1.0,0,0,0,0,0,0,0,0,0,1.0,1.732,1.225,1.0,0,1.0,1.732,1.225,1.0,0,0,0,0,0,1,0,0,2,0,0,0,0,0,0,0,0,0,0,0,0,0,1,0,0,2,0,0,0,0,0,0,0,0,0,0.0,0.0,0.0,0.0,0.333,0.0,0.0,0.667,0.0,0.0,0.0,0.0,0.0,0.0,0.0,0.0,0.0,0.0,0.0,0.0,0.0,1.0,0.0,0.0,2.0,0.0,0.0,0.0,0.0,0.0,0.0,0.0,0.0,0.0,119.19,-2.62,1.2,0.0,-4.107,-2.66,0.01,0.013,0.017
5,1,1,2,0,0,5,1,12,5.0,12.0,2.4,2.0,0.4,1.0,0.2,4.57,2.0,7.126,0.914,0.4,4.57,2.0,1.425,7.126,2,0,0,0,2,0,0,0,0,0,0,0,0,0,0,0,0,0,0,0.4,0.0,0.0,0.0,0.4,0.0,0.0,0.0,0.0,0.0,0.0,0.0,0.0,0.0,0.0,0.0,0.0,0.0,0.0,2.0,0.0,0.0,0.0,2.0,0.0,0.0,0.0,0.0,0.0,0.0,0.0,0.0,0.0,0.0,0.0,0.0,0.0,0.0,0,0,0,0,1.0,0,0,1.0,0,0,0,1.0,1.0,0,0,0,0,0,0,0,0,1.0,0,0,1.0,0,0,0,1.414,1.0,0,0,0,0,0,0,0,0,0.707,0,0,0.707,0,0,0,1.0,0.707,0,0,0,0,1.0,2.236,1.581,1.0,0,1.0,2.236,1.581,1.0,0,0,0,0,0,1,0,0,1,0,0,0,2,1,0,0,0,0,0,0,0,0,1,0,0,1,0,0,0,2,1,0,0,0,0,0.0,0.0,0.0,0.0,0.2,0.0,0.0,0.2,0.0,0.0,0.0,0.4,0.2,0.0,0.0,0.0,0.0,0.0,0.0,0.0,0.0,1.0,0.0,0.0,1.0,0.0,0.0,0.0,2.0,1.0,0.0,0.0,0.0,0.0,167.92,-8.92,2.0,0.0,-7.608,-7.626,0.017,0.021,0.029
2,0,0,5,1,1,2,1,15,2.0,15.0,7.5,5.0,2.5,0.0,0.0,17.34,18.182,8.282,8.67,9.091,17.34,18.182,4.141,8.282,0,0,0,0,0,0,0,0,0,0,0,0,0,0,0,0,0,0,0,0.0,0.0,0.0,0.0,0.0,0.0,0.0,0.0,0.0,0.0,0.0,0.0,0.0,0.0,0.0,0.0,0.0,0.0,0.0,0.0,0.0,0.0,0.0,0.0,0.0,0.0,0.0,0.0,0.0,0.0,0.0,0.0,0.0,0.0,0.0,0.0,0.0,0.0,0,0,0,0,0,0,0,1.0,0,0,0,0,0,0,0,0,0,0,0,0,0,0,0,0,1.414,0,0,0,0,0,0,0,0,0,0,0,0,0,0,0,0,1.0,0,0,0,0,0,0,0,0,0,1.0,1.414,1.0,1.0,0,1.0,1.414,1.0,1.0,0,0,0,0,0,0,0,0,2,0,0,0,0,0,0,0,0,0,0,0,0,0,0,0,0,2,0,0,0,0,0,0,0,0,0,0.0,0.0,0.0,0.0,0.0,0.0,0.0,1.0,0.0,0.0,0.0,0.0,0.0,0.0,0.0,0.0,0.0,0.0,0.0,0.0,0.0,0.0,0.0,0.0,2.0,0.0,0.0,0.0,0.0,0.0,0.0,0.0,0.0,0.0,-6.695,14.69,20.8,5.713,13.5,14.895,0.007,0.008,0.011
5,1,0,8,1,0,5,1,29,5.0,29.0,5.8,8.0,1.6,1.0,0.2,38.98,36.182,23.038,7.796,7.236,38.98,36.182,4.608,23.038,0,0,0,0,0,0,0,0,0,0,0,0,0,0,0,0,0,0,0,0.0,0.0,0.0,0.0,0.0,0.0,0.0,0.0,0.0,0.0,0.0,0.0,0.0,0.0,0.0,0.0,0.0,0.0,0.0,0.0,0.0,0.0,0.0,0.0,0.0,0.0,0.0,0.0,0.0,0.0,0.0,0.0,0.0,0.0,0.0,0.0,0.0,0.0,0,0,0,0,1.0,0,0,1.0,0,0,0,0,0,0,0,0,0,0,0,0,0,1.0,0,0,2.0,0,0,0,0,0,0,0,0,0,0,0,0,0,0.707,0,0,1.414,0,0,0,0,0,0,0,0,0,1.0,2.236,1.581,1.0,0,1.0,2.236,1.581,1.0,0,0,0,0,0,1,0,0,4,0,0,0,0,0,0,0,0,0,0,0,0,0,1,0,0,4,0,0,0,0,0,0,0,0,0,0.0,0.0,0.0,0.0,0.2,0.0,0.0,0.8,0.0,0.0,0.0,0.0,0.0,0.0,0.0,0.0,0.0,0.0,0.0,0.0,0.0,1.0,0.0,0.0,4.0,0.0,0.0,0.0,0.0,0.0,0.0,0.0,0.0,0.0,66.4,5.24,10.0,0.0,12.384,8.388,0.017,0.021,0.029
1,0,0,3,1,0,1,1,9,1.0,9.0,9.0,3.0,3.0,0.0,0.0,11.26,8.667,3.241,11.26,8.667,11.26,8.667,3.241,3.241,0,0,0,0,0,0,0,0,0,0,0,0,0,0,0,0,0,0,0,0.0,0.0,0.0,0.0,0.0,0.0,0.0,0.0,0.0,0.0,0.0,0.0,0.0,0.0,0.0,0.0,0.0,0.0,0.0,0.0,0.0,0.0,0.0,0.0,0.0,0.0,0.0,0.0,0.0,0.0,0.0,0.0,0.0,0.0,0.0,0.0,0.0,0.0,0,0,0,0,0,0,0,1.0,0,0,0,0,0,0,0,0,0,0,0,0,0,0,0,0,1.0,0,0,0,0,0,0,0,0,0,0,0,0,0,0,0,0,0.707,0,0,0,0,0,0,0,0,0,1.0,1.0,0.707,0,0,1.0,1.0,0.707,0,0,0,0,0,0,0,0,0,1,0,0,0,0,0,0,0,0,0,0,0,0,0,0,0,0,1,0,0,0,0,0,0,0,0,0,0.0,0.0,0.0,0.0,0.0,0.0,0.0,1.0,0.0,0.0,0.0,0.0,0.0,0.0,0.0,0.0,0.0,0.0,0.0,0.0,0.0,0.0,0.0,0.0,1.0,0.0,0.0,0.0,0.0,0.0,0.0,0.0,0.0,0.0,-47.98,20.2,40.4,0.0,7.52,21.46,0.003,0.004,0.006
4,0,1,8,2,1,4,1,24,4.0,24.0,6.0,8.0,2.0,0.0,0.0,29.42,26.848,11.426,7.355,6.712,29.42,26.848,2.857,11.426,0,0,0,0,0,0,0,0,0,0,0,0,0,0,0,0,0,0,0,0.0,0.0,0.0,0.0,0.0,0.0,0.0,0.0,0.0,0.0,0.0,0.0,0.0,0.0,0.0,0.0,0.0,0.0,0.0,0.0,0.0,0.0,0.0,0.0,0.0,0.0,0.0,0.0,0.0,0.0,0.0,0.0,0.0,0.0,0.0,0.0,0.0,0.0,1.0,0,0,0,0,0,0,1.0,0,0,0,0,1.0,0,0,0,0,1.0,0,0,0,0,0,0,1.414,0,0,0,0,1.0,0,0,0,0,0.707,0,0,0,0,0,0,1.0,0,0,0,0,0.707,0,0,0,0,1.0,2.0,1.414,1.0,0,1.0,2.0,1.414,1.0,0,1,0,0,0,0,0,0,2,0,0,0,0,1,0,0,0,0,1,0,0,0,0,0,0,2,0,0,0,0,1,0,0,0,0,0.25,0.0,0.0,0.0,0.0,0.0,0.0,0.5,0.0,0.0,0.0,0.0,0.25,0.0,0.0,0.0,0.0,1.0,0.0,0.0,0.0,0.0,0.0,0.0,2.0,0.0,0.0,0.0,0.0,1.0,0.0,0.0,0.0,0.0,33.575,9.57,21.6,5.713,12.08,8.83,0.013,0.017,0.023
6,4,0,9,1,0,6,1,27,6.0,27.0,4.5,9.0,1.5,4.0,0.667,35.98,29.667,33.777,5.997,4.944,35.98,29.667,5.63,33.777,0,0,0,0,0,0,0,0,0,0,0,0,0,0,0,0,0,0,0,0.0,0.0,0.0,0.0,0.0,0.0,0.0,0.0,0.0,0.0,0.0,0.0,0.0,0.0,0.0,0.0,0.0,0.0,0.0,0.0,0.0,0.0,0.0,0.0,0.0,0.0,0.0,0.0,0.0,0.0,0.0,0.0,0.0,0.0,0.0,0.0,0.0,0.0,0,1.0,0,1.0,0,1.0,0,1.0,0,0,0,0,0,0,0,1.0,0,0,1.0,0,1.0,0,1.0,0,1.414,0,0,0,0,0,0,0,1.0,0,0,0.707,0,0.707,0,0.707,0,1.0,0,0,0,0,0,0,0,0.707,0,1.0,2.449,1.732,1.0,0,1.0,2.449,1.732,1.0,0,0,1,0,1,0,1,0,2,0,0,0,0,0,0,0,1,0,0,1,0,1,0,1,0,2,0,0,0,0,0,0,0,1,0,0.0,0.167,0.0,0.167,0.0,0.167,0.0,0.333,0.0,0.0,0.0,0.0,0.0,0.0,0.0,0.167,0.0,0.0,1.0,0.0,1.0,0.0,1.0,0.0,2.0,0.0,0.0,0.0,0.0,0.0,0.0,0.0,1.0,0.0,73.845,4.45,9.067,0.0,5.727,2.765,0.02,0.025,0.034
3,0,1,3,0,0,3,1,11,3.0,11.0,3.667,3.0,1.0,0.0,0.0,6.58,3.333,6.783,2.193,1.111,6.58,3.333,2.261,6.783,1,0,0,0,1,0,0,0,0,0,0,0,0,0,0,0,0,0,0,0.333,0.0,0.0,0.0,0.333,0.0,0.0,0.0,0.0,0.0,0.0,0.0,0.0,0.0,0.0,0.0,0.0,0.0,0.0,1.0,0.0,0.0,0.0,1.0,0.0,0.0,0.0,0.0,0.0,0.0,0.0,0.0,0.0,0.0,0.0,0.0,0.0,0.0,1.0,0,0,0,0,0,0,0,0,0,0,0,1.0,0,0,0,0,1.414,0,0,0,0,0,0,0,0,0,0,0,1.0,0,0,0,0,1.0,0,0,0,0,0,0,0,0,0,0,0,0.707,0,0,0,0,1.0,1.732,1.225,1.0,0,1.0,1.732,1.225,1.0,0,2,0,0,0,0,0,0,0,0,0,0,0,1,0,0,0,0,2,0,0,0,0,0,0,0,0,0,0,0,1,0,0,0,0,0.667,0.0,0.0,0.0,0.0,0.0,0.0,0.0,0.0,0.0,0.0,0.0,0.333,0.0,0.0,0.0,0.0,2.0,0.0,0.0,0.0,0.0,0.0,0.0,0.0,0.0,0.0,0.0,0.0,1.0,0.0,0.0,0.0,0.0,119.19,-2.62,1.2,0.0,-4.107,-2.66,0.01,0.013,0.017
1,0,0,1,0,0,1,1,1,1.0,1.0,1.0,1.0,1.0,0.0,0.0,0,0,4.816,0.0,0.0,0.0,0.0,4.816,4.816,0,0,0,0,0,0,0,0,0,0,0,0,0,0,0,0,0,0,0,0.0,0.0,0.0,0.0,0.0,0.0,0.0,0.0,0.0,0.0,0.0,0.0,0.0,0.0,0.0,0.0,0.0,0.0,0.0,0.0,0.0,0.0,0.0,0.0,0.0,0.0,0.0,0.0,0.0,0.0,0.0,0.0,0.0,0.0,0.0,0.0,0.0,0.0,0,0,0,0,0,0,0,1.0,0,0,0,0,0,0,0,0,0,0,0,0,0,0,0,0,1.0,0,0,0,0,0,0,0,0,0,0,0,0,0,0,0,0,0.707,0,0,0,0,0,0,0,0,0,1.0,1.0,0.707,0,0,1.0,1.0,0.707,0,0,0,0,0,0,0,0,0,1,0,0,0,0,0,0,0,0,0,0,0,0,0,0,0,0,1,0,0,0,0,0,0,0,0,0,0.0,0.0,0.0,0.0,0.0,0.0,0.0,1.0,0.0,0.0,0.0,0.0,0.0,0.0,0.0,0.0,0.0,0.0,0.0,0.0,0.0,0.0,0.0,0.0,1.0,0.0,0.0,0.0,0.0,0.0,0.0,0.0,0.0,0.0,121.22,-3.4,0.4,0.0,-39.52,-16.22,0.003,0.004,0.006
3,1,0,7,2,0,3,1,22,3.0,22.0,7.333,7.0,2.333,1.0,0.333,24.31,17.0,12.988,8.103,5.667,24.31,17.0,4.329,12.988,0,0,0,0,0,0,0,0,0,0,0,0,0,0,0,0,0,0,0,0.0,0.0,0.0,0.0,0.0,0.0,0.0,0.0,0.0,0.0,0.0,0.0,0.0,0.0,0.0,0.0,0.0,0.0,0.0,0.0,0.0,0.0,0.0,0.0,0.0,0.0,0.0,0.0,0.0,0.0,0.0,0.0,0.0,0.0,0.0,0.0,0.0,0.0,1.0,0,1.0,0,0,0,0,1.0,0,0,0,0,0,0,0,0,0,1.0,0,1.0,0,0,0,0,1.0,0,0,0,0,0,0,0,0,0,0.707,0,0.707,0,0,0,0,0.707,0,0,0,0,0,0,0,0,0,1.0,1.732,1.225,1.0,0,1.0,1.732,1.225,1.0,0,1,0,1,0,0,0,0,1,0,0,0,0,0,0,0,0,0,1,0,1,0,0,0,0,1,0,0,0,0,0,0,0,0,0,0.333,0.0,0.333,0.0,0.0,0.0,0.0,0.333,0.0,0.0,0.0,0.0,0.0,0.0,0.0,0.0,0.0,1.0,0.0,1.0,0.0,0.0,0.0,0.0,1.0,0.0,0.0,0.0,0.0,0.0,0.0,0.0,0.0,0.0,6.39,13.113,27.867,0.0,17.453,14.61,0.01,0.013,0.017
1,0,0,2,0,0,1,1,6,1.0,6.0,6.0,2.0,2.0,0.0,0.0,0,0,0,0.0,0.0,0.0,0.0,0.0,0.0,0,0,0,0,0,0,0,0,0,0,0,0,0,0,0,0,0,0,0,0.0,0.0,0.0,0.0,0.0,0.0,0.0,0.0,0.0,0.0,0.0,0.0,0.0,0.0,0.0,0.0,0.0,0.0,0.0,0.0,0.0,0.0,0.0,0.0,0.0,0.0,0.0,0.0,0.0,0.0,0.0,0.0,0.0,0.0,0.0,0.0,0.0,0.0,0,0,0,0,0,0,0,0,0,0,0,1.0,0,0,0,0,0,0,0,0,0,0,0,0,0,0,0,0,1.0,0,0,0,0,0,0,0,0,0,0,0,0,0,0,0,0,0.707,0,0,0,0,0,1.0,1.0,0.707,0,0,1.0,1.0,0.707,0,0,0,0,0,0,0,0,0,0,0,0,0,1,0,0,0,0,0,0,0,0,0,0,0,0,0,0,0,0,1,0,0,0,0,0,0.0,0.0,0.0,0.0,0.0,0.0,0.0,0.0,0.0,0.0,0.0,1.0,0.0,0.0,0.0,0.0,0.0,0.0,0.0,0.0,0.0,0.0,0.0,0.0,0.0,0.0,0.0,0.0,1.0,0.0,0.0,0.0,0.0,0.0,36.62,8.4,0.4,0.0,-10.12,7.33,0.003,0.004,0.006
4,1,0,8,1,1,4,1,26,4.0,26.0,6.5,8.0,2.0,1.0,0.25,18.2,14.0,15.869,4.55,3.5,18.2,14.0,3.967,15.869,0,0,0,0,0,0,0,0,0,0,0,0,0,0,0,0,0,0,0,0.0,0.0,0.0,0.0,0.0,0.0,0.0,0.0,0.0,0.0,0.0,0.0,0.0,0.0,0.0,0.0,0.0,0.0,0.0,0.0,0.0,0.0,0.0,0.0,0.0,0.0,0.0,0.0,0.0,0.0,0.0,0.0,0.0,0.0,0.0,0.0,0.0,0.0,0,0,0,0,0,1.0,0,1.0,0,0,0,0,0,0,0,0,0,0,0,0,0,0,1.0,0,1.732,0,0,0,0,0,0,0,0,0,0,0,0,0,0,0.707,0,1.225,0,0,0,0,0,0,0,0,0,1.0,2.0,1.414,1.0,0,1.0,2.0,1.414,1.0,0,0,0,0,0,0,1,0,3,0,0,0,0,0,0,0,0,0,0,0,0,0,0,1,0,3,0,0,0,0,0,0,0,0,0,0.0,0.0,0.0,0.0,0.0,0.25,0.0,0.75,0.0,0.0,0.0,0.0,0.0,0.0,0.0,0.0,0.0,0.0,0.0,0.0,0.0,0.0,1.0,0.0,3.0,0.0,0.0,0.0,0.0,0.0,0.0,0.0,0.0,0.0,33.575,9.57,11.6,5.713,15.02,11.185,0.013,0.017,0.023
4,1,0,11,2,1,4,1,30,4.0,30.0,7.5,11.0,2.75,1.0,0.25,20.26,20.0,15.181,5.065,5.0,20.26,20.0,3.795,15.181,0,0,0,0,0,0,0,0,0,0,0,0,0,0,0,0,0,0,0,0.0,0.0,0.0,0.0,0.0,0.0,0.0,0.0,0.0,0.0,0.0,0.0,0.0,0.0,0.0,0.0,0.0,0.0,0.0,0.0,0.0,0.0,0.0,0.0,0.0,0.0,0.0,0.0,0.0,0.0,0.0,0.0,0.0,0.0,0.0,0.0,0.0,0.0,1.0,0,0,0,0,1.0,0,1.0,0,0,0,0,0,0,0,0,0,1.0,0,0,0,0,1.0,0,1.414,0,0,0,0,0,0,0,0,0,0.707,0,0,0,0,0.707,0,1.0,0,0,0,0,0,0,0,0,0,1.0,2.0,1.414,1.0,0,1.0,2.0,1.414,1.0,0,1,0,0,0,0,1,0,2,0,0,0,0,0,0,0,0,0,1,0,0,0,0,1,0,2,0,0,0,0,0,0,0,0,0,0.25,0.0,0.0,0.0,0.0,0.25,0.0,0.5,0.0,0.0,0.0,0.0,0.0,0.0,0.0,0.0,0.0,1.0,0.0,0.0,0.0,0.0,1.0,0.0,2.0,0.0,0.0,0.0,0.0,0.0,0.0,0.0,0.0,0.0,-29.875,18.42,21.6,5.713,20.9,15.895,0.013,0.017,0.023
4,2,0,7,2,0,4,1,20,4.0,20.0,5.0,7.0,1.75,2.0,0.5,26.9,16.5,20.436,6.725,4.125,26.9,16.5,5.109,20.436,0,0,0,0,0,0,0,0,0,0,0,0,0,0,0,0,0,0,0,0.0,0.0,0.0,0.0,0.0,0.0,0.0,0.0,0.0,0.0,0.0,0.0,0.0,0.0,0.0,0.0,0.0,0.0,0.0,0.0,0.0,0.0,0.0,0.0,0.0,0.0,0.0,0.0,0.0,0.0,0.0,0.0,0.0,0.0,0.0,0.0,0.0,0.0,1.0,0,0,1.0,0,0,0,0,0,1.0,0,0,0,0,0,1.0,0,1.0,0,0,1.0,0,0,0,0,0,1.0,0,0,0,0,0,1.0,0,0.707,0,0,0.707,0,0,0,0,0,0.707,0,0,0,0,0,0.707,0,1.0,2.0,1.414,1.0,0,1.0,2.0,1.414,1.0,0,1,0,0,1,0,0,0,0,0,1,0,0,0,0,0,1,0,1,0,0,1,0,0,0,0,0,1,0,0,0,0,0,1,0,0.25,0.0,0.0,0.25,0.0,0.0,0.0,0.0,0.0,0.25,0.0,0.0,0.0,0.0,0.0,0.25,0.0,1.0,0.0,0.0,1.0,0.0,0.0,0.0,0.0,0.0,1.0,0.0,0.0,0.0,0.0,0.0,1.0,0.0,54.725,6.62,21.6,0.0,6.2,4.12,0.013,0.017,0.023
3,0,1,1,0,0,3,1,5,3.0,5.0,1.667,1.0,0.333,0.0,0.0,0,0,5.818,0.0,0.0,0.0,0.0,1.939,5.818,0,0,0,0,0,0,0,0,0,0,0,0,0,0,0,0,0,0,0,0.0,0.0,0.0,0.0,0.0,0.0,0.0,0.0,0.0,0.0,0.0,0.0,0.0,0.0,0.0,0.0,0.0,0.0,0.0,0.0,0.0,0.0,0.0,0.0,0.0,0.0,0.0,0.0,0.0,0.0,0.0,0.0,0.0,0.0,0.0,0.0,0.0,0.0,0,0,0,0,0,0,0,1.0,0,0,0,0,0.0,0,0,0,0,0,0,0,0,0,0,0,1.732,0,0,0,0,0.0,0,0,0,0,0,0,0,0,0,0,0,1.225,0,0,0,0,0.0,0,0,0,0,1.0,1.732,1.225,1.0,0,1.0,1.732,1.225,1.0,0,0,0,0,0,0,0,0,3,0,0,0,0,1,0,0,0,0,0,0,0,0,0,0,0,3,0,0,0,0,0,0,0,0,0,0.0,0.0,0.0,0.0,0.0,0.0,0.0,1.0,0.0,0.0,0.0,0.0,0.333,0.0,0.0,0.0,0.0,0.0,0.0,0.0,0.0,0.0,0.0,0.0,3.0,0.0,0.0,0.0,0.0,1.0,0.0,0.0,0.0,0.0,175.59,-10.487,1.2,0.0,-15.867,-12.08,0.01,0.013,0.017
1,0,0,1,0,0,1,1,1,1.0,1.0,1.0,1.0,1.0,0.0,0.0,0,0,4.977,0.0,0.0,0.0,0.0,4.977,4.977,0,0,0,0,0,0,0,0,0,0,0,0,0,0,0,0,0,0,0,0.0,0.0,0.0,0.0,0.0,0.0,0.0,0.0,0.0,0.0,0.0,0.0,0.0,0.0,0.0,0.0,0.0,0.0,0.0,0.0,0.0,0.0,0.0,0.0,0.0,0.0,0.0,0.0,0.0,0.0,0.0,0.0,0.0,0.0,0.0,0.0,0.0,0.0,0,0,0,0,0,0,0,1.0,0,0,0,0,0,0,0,0,0,0,0,0,0,0,0,0,1.0,0,0,0,0,0,0,0,0,0,0,0,0,0,0,0,0,0.707,0,0,0,0,0,0,0,0,0,1.0,1.0,0.707,0,0,1.0,1.0,0.707,0,0,0,0,0,0,0,0,0,1,0,0,0,0,0,0,0,0,0,0,0,0,0,0,0,0,1,0,0,0,0,0,0,0,0,0,0.0,0.0,0.0,0.0,0.0,0.0,0.0,1.0,0.0,0.0,0.0,0.0,0.0,0.0,0.0,0.0,0.0,0.0,0.0,0.0,0.0,0.0,0.0,0.0,1.0,0.0,0.0,0.0,0.0,0.0,0.0,0.0,0.0,0.0,121.22,-3.4,0.4,0.0,-39.52,-16.22,0.003,0.004,0.006
2,0,0,5,1,0,2,1,19,2.0,19.0,9.5,5.0,2.5,0.0,0.0,18.49,18.0,7.023,9.245,9.0,18.49,18.0,3.512,7.023,0,0,0,0,0,0,0,0,0,0,0,0,0,0,0,0,0,0,0,0.0,0.0,0.0,0.0,0.0,0.0,0.0,0.0,0.0,0.0,0.0,0.0,0.0,0.0,0.0,0.0,0.0,0.0,0.0,0.0,0.0,0.0,0.0,0.0,0.0,0.0,0.0,0.0,0.0,0.0,0.0,0.0,0.0,0.0,0.0,0.0,0.0,0.0,1.0,0,0,0,0,0,0,1.0,0,0,0,0,0,0,0,0,0,1.0,0,0,0,0,0,0,1.0,0,0,0,0,0,0,0,0,0,0.707,0,0,0,0,0,0,0.707,0,0,0,0,0,0,0,0,0,1.0,1.414,1.0,1.0,0,1.0,1.414,1.0,1.0,0,1,0,0,0,0,0,0,1,0,0,0,0,0,0,0,0,0,1,0,0,0,0,0,0,1,0,0,0,0,0,0,0,0,0,0.5,0.0,0.0,0.0,0.0,0.0,0.0,0.5,0.0,0.0,0.0,0.0,0.0,0.0,0.0,0.0,0.0,1.0,0.0,0.0,0.0,0.0,0.0,0.0,1.0,0.0,0.0,0.0,0.0,0.0,0.0,0.0,0.0,0.0,-6.695,14.69,20.8,0.0,25.26,24.315,0.007,0.008,0.011
2,0,0,7,2,1,2,1,20,2.0,20.0,10.0,7.0,3.5,0.0,0.0,7.16,2.0,3.189,3.58,1.0,7.16,2.0,1.595,3.189,1,0,0,0,1,0,0,0,0,0,0,0,0,0,0,0,0,0,0,0.5,0.0,0.0,0.0,0.5,0.0,0.0,0.0,0.0,0.0,0.0,0.0,0.0,0.0,0.0,0.0,0.0,0.0,0.0,1.0,0.0,0.0,0.0,1.0,0.0,0.0,0.0,0.0,0.0,0.0,0.0,0.0,0.0,0.0,0.0,0.0,0.0,0.0,0,0,0,0,0,0,0,1.0,0,0,0,1.0,0,0,0,0,0,0,0,0,0,0,0,0,1.0,0,0,0,1.0,0,0,0,0,0,0,0,0,0,0,0,0,0.707,0,0,0,0.707,0,0,0,0,0,1.0,1.414,1.0,1.0,0,1.0,1.414,1.0,1.0,0,0,0,0,0,0,0,0,1,0,0,0,1,0,0,0,0,0,0,0,0,0,0,0,0,1,0,0,0,1,0,0,0,0,0,0.0,0.0,0.0,0.0,0.0,0.0,0.0,0.5,0.0,0.0,0.0,0.5,0.0,0.0,0.0,0.0,0.0,0.0,0.0,0.0,0.0,0.0,0.0,0.0,1.0,0.0,0.0,0.0,1.0,0.0,0.0,0.0,0.0,0.0,-91.295,26.49,40.8,5.713,28.2,26.67,0.007,0.008,0.011
4,2,0,6,1,0,4,1,22,4.0,22.0,5.5,6.0,1.5,2.0,0.5,25.17,22.5,20.353,6.293,5.625,25.17,22.5,5.088,20.353,0,0,0,0,0,0,0,0,0,0,0,0,0,0,0,0,0,0,0,0.0,0.0,0.0,0.0,0.0,0.0,0.0,0.0,0.0,0.0,0.0,0.0,0.0,0.0,0.0,0.0,0.0,0.0,0.0,0.0,0.0,0.0,0.0,0.0,0.0,0.0,0.0,0.0,0.0,0.0,0.0,0.0,0.0,0.0,0.0,0.0,0.0,0.0,0,1.0,0,1.0,0,0,0,1.0,0,0,0,0,0,0,0,1.0,0,0,1.0,0,1.0,0,0,0,1.0,0,0,0,0,0,0,0,1.0,0,0,0.707,0,0.707,0,0,0,0.707,0,0,0,0,0,0,0,0.707,0,1.0,2.0,1.414,1.0,0,1.0,2.0,1.414,1.0,0,0,1,0,1,0,0,0,1,0,0,0,0,0,0,0,1,0,0,1,0,1,0,0,0,1,0,0,0,0,0,0,0,1,0,0.0,0.25,0.0,0.25,0.0,0.0,0.0,0.25,0.0,0.0,0.0,0.0,0.0,0.0,0.0,0.25,0.0,0.0,1.0,0.0,1.0,0.0,0.0,0.0,1.0,0.0,0.0,0.0,0.0,0.0,0.0,0.0,1.0,0.0,75.875,3.67,11.6,0.0,9.14,6.475,0.013,0.017,0.023
6,3,0,14,3,2,6,1,40,6.0,40.0,6.667,14.0,2.333,3.0,0.5,12.54,12.75,28.287,2.09,2.125,12.54,12.75,4.714,28.287,1,0,0,0,1,0,0,0,0,0,0,0,0,0,0,0,0,0,0,0.167,0.0,0.0,0.0,0.167,0.0,0.0,0.0,0.0,0.0,0.0,0.0,0.0,0.0,0.0,0.0,0.0,0.0,0.0,1.0,0.0,0.0,0.0,1.0,0.0,0.0,0.0,0.0,0.0,0.0,0.0,0.0,0.0,0.0,0.0,0.0,0.0,0.0,0,1.0,0,0,0,1.0,0,0,0,0,0,1.0,0,0,0,0,0,0,1.414,0,0,0,1.0,0,0,0,0,0,1.732,0,0,0,0,0,0,1.0,0,0,0,0.707,0,0,0,0,0,1.225,0,0,0,0,0,1.0,2.449,1.732,1.0,0,1.0,2.449,1.732,1.0,0,0,2,0,0,0,1,0,0,0,0,0,3,0,0,0,0,0,0,2,0,0,0,1,0,0,0,0,0,3,0,0,0,0,0,0.0,0.333,0.0,0.0,0.0,0.167,0.0,0.0,0.0,0.0,0.0,0.5,0.0,0.0,0.0,0.0,0.0,0.0,2.0,0.0,0.0,0.0,1.0,0.0,0.0,0.0,0.0,0.0,3.0,0.0,0.0,0.0,0.0,0.0,3.345,14.283,22.4,8.079,18.467,12.97,0.02,0.025,0.034
2,0,0,3,0,0,2,1,10,2.0,10.0,5.0,3.0,1.5,0.0,0.0,0,0,5.287,0.0,0.0,0.0,0.0,2.643,5.287,1,1,0,0,0,0,0,0,0,0,0,0,0,0,0,0,0,0,0,0.5,0.5,0.0,0.0,0.0,0.0,0.0,0.0,0.0,0.0,0.0,0.0,0.0,0.0,0.0,0.0,0.0,0.0,0.0,1.0,1.0,0.0,0.0,0.0,0.0,0.0,0.0,0.0,0.0,0.0,0.0,0.0,0.0,0.0,0.0,0.0,0.0,0.0,0,0,0,0,0,0,0,0,0,0,0,1.0,0,0,0,0,0,0,0,0,0,0,0,0,0,0,0,0,1.414,0,0,0,0,0,0,0,0,0,0,0,0,0,0,0,0,1.0,0,0,0,0,0,1.0,1.414,1.0,1.0,0,1.0,1.414,1.0,1.0,0,0,0,0,0,0,0,0,0,0,0,0,2,0,0,0,0,0,0,0,0,0,0,0,0,0,0,0,0,2,0,0,0,0,0,0.0,0.0,0.0,0.0,0.0,0.0,0.0,0.0,0.0,0.0,0.0,1.0,0.0,0.0,0.0,0.0,0.0,0.0,0.0,0.0,0.0,0.0,0.0,0.0,0.0,0.0,0.0,0.0,2.0,0.0,0.0,0.0,0.0,0.0,77.905,2.89,0.8,0.0,-1.2,3.12,0.007,0.008,0.011
2,0,0,5,1,0,2,1,13,2.0,13.0,6.5,5.0,2.5,0.0,0.0,10.67,10.0,5.671,5.335,5.0,10.67,10.0,2.836,5.671,0,0,0,0,0,0,0,0,0,0,0,0,0,0,0,0,0,0,0,0.0,0.0,0.0,0.0,0.0,0.0,0.0,0.0,0.0,0.0,0.0,0.0,0.0,0.0,0.0,0.0,0.0,0.0,0.0,0.0,0.0,0.0,0.0,0.0,0.0,0.0,0.0,0.0,0.0,0.0,0.0,0.0,0.0,0.0,0.0,0.0,0.0,0.0,0,0,0,0,0,0,0,1.0,0,0,0,0,0,0,0,0,0,0,0,0,0,0,0,0,1.414,0,0,0,0,0,0,0,0,0,0,0,0,0,0,0,0,1.0,0,0,0,0,0,0,0,0,0,1.0,1.414,1.0,1.0,0,1.0,1.414,1.0,1.0,0,0,0,0,0,0,0,0,2,0,0,0,0,0,0,0,0,0,0,0,0,0,0,0,0,2,0,0,0,0,0,0,0,0,0,0.0,0.0,0.0,0.0,0.0,0.0,0.0,1.0,0.0,0.0,0.0,0.0,0.0,0.0,0.0,0.0,0.0,0.0,0.0,0.0,0.0,0.0,0.0,0.0,2.0,0.0,0.0,0.0,0.0,0.0,0.0,0.0,0.0,0.0,-6.695,14.69,20.8,0.0,7.62,10.185,0.007,0.008,0.011
2,0,0,3,0,0,2,1,10,2.0,10.0,5.0,3.0,1.5,0.0,0.0,0,0,0,0.0,0.0,0.0,0.0,0.0,0.0,1,1,0,0,0,0,0,0,0,0,0,0,0,0,0,0,0,0,0,0.5,0.5,0.0,0.0,0.0,0.0,0.0,0.0,0.0,0.0,0.0,0.0,0.0,0.0,0.0,0.0,0.0,0.0,0.0,1.0,1.0,0.0,0.0,0.0,0.0,0.0,0.0,0.0,0.0,0.0,0.0,0.0,0.0,0.0,0.0,0.0,0.0,0.0,0,0,0,0,0,0,0,0,0,0,0,1.0,0,0,0,0,0,0,0,0,0,0,0,0,0,0,0,0,1.414,0,0,0,0,0,0,0,0,0,0,0,0,0,0,0,0,1.0,0,0,0,0,0,1.0,1.414,1.0,1.0,0,1.0,1.414,1.0,1.0,0,0,0,0,0,0,0,0,0,0,0,0,2,0,0,0,0,0,0,0,0,0,0,0,0,0,0,0,0,2,0,0,0,0,0,0.0,0.0,0.0,0.0,0.0,0.0,0.0,0.0,0.0,0.0,0.0,1.0,0.0,0.0,0.0,0.0,0.0,0.0,0.0,0.0,0.0,0.0,0.0,0.0,0.0,0.0,0.0,0.0,2.0,0.0,0.0,0.0,0.0,0.0,77.905,2.89,0.8,0.0,-1.2,3.12,0.007,0.008,0.011
1,0,0,2,0,0,1,1,5,1.0,5.0,5.0,2.0,2.0,0.0,0.0,0,0,0,0.0,0.0,0.0,0.0,0.0,0.0,0,0,0,0,0,0,0,0,0,0,0,0,0,0,0,0,0,0,0,0.0,0.0,0.0,0.0,0.0,0.0,0.0,0.0,0.0,0.0,0.0,0.0,0.0,0.0,0.0,0.0,0.0,0.0,0.0,0.0,0.0,0.0,0.0,0.0,0.0,0.0,0.0,0.0,0.0,0.0,0.0,0.0,0.0,0.0,0.0,0.0,0.0,0.0,0,0,0,0,0,0,0,1.0,0,0,0,0,0,0,0,0,0,0,0,0,0,0,0,0,1.0,0,0,0,0,0,0,0,0,0,0,0,0,0,0,0,0,0.707,0,0,0,0,0,0,0,0,0,1.0,1.0,0.707,0,0,1.0,1.0,0.707,0,0,0,0,0,0,0,0,0,1,0,0,0,0,0,0,0,0,0,0,0,0,0,0,0,0,1,0,0,0,0,0,0,0,0,0,0.0,0.0,0.0,0.0,0.0,0.0,0.0,1.0,0.0,0.0,0.0,0.0,0.0,0.0,0.0,0.0,0.0,0.0,0.0,0.0,0.0,0.0,0.0,0.0,1.0,0.0,0.0,0.0,0.0,0.0,0.0,0.0,0.0,0.0,36.62,8.4,0.4,0.0,-16.0,2.62,0.003,0.004,0.006
3,0,0,10,2,2,3,1,28,3.0,28.0,9.333,10.0,3.333,0.0,0.0,0,0,8.652,0.0,0.0,0.0,0.0,2.884,8.652,1,0,0,0,1,0,0,0,0,0,0,0,0,0,0,0,0,0,0,0.333,0.0,0.0,0.0,0.333,0.0,0.0,0.0,0.0,0.0,0.0,0.0,0.0,0.0,0.0,0.0,0.0,0.0,0.0,1.0,0.0,0.0,0.0,1.0,0.0,0.0,0.0,0.0,0.0,0.0,0.0,0.0,0.0,0.0,0.0,0.0,0.0,0.0,0,0,0,0,0,0,0,0,0,0,0,1.0,0,0,0,0,0,0,0,0,0,0,0,0,0,0,0,0,1.732,0,0,0,0,0,0,0,0,0,0,0,0,0,0,0,0,1.225,0,0,0,0,0,1.0,1.732,1.225,1.0,0,1.0,1.732,1.225,1.0,0,0,0,0,0,0,0,0,0,0,0,0,3,0,0,0,0,0,0,0,0,0,0,0,0,0,0,0,0,3,0,0,0,0,0,0.0,0.0,0.0,0.0,0.0,0.0,0.0,0.0,0.0,0.0,0.0,1.0,0.0,0.0,0.0,0.0,0.0,0.0,0.0,0.0,0.0,0.0,0.0,0.0,0.0,0.0,0.0,0.0,3.0,0.0,0.0,0.0,0.0,0.0,-78.21,24.913,27.867,8.079,29.213,24.03,0.01,0.013,0.017
1,0,0,3,1,0,1,1,7,1.0,7.0,7.0,3.0,3.0,0.0,0.0,0,0,3.986,0.0,0.0,0.0,0.0,3.986,3.986,1,0,0,0,0,0,1,0,0,0,0,0,0,0,0,0,0,0,0,1.0,0.0,0.0,0.0,0.0,0.0,1.0,0.0,0.0,0.0,0.0,0.0,0.0,0.0,0.0,0.0,0.0,0.0,0.0,1.0,0.0,0.0,0.0,0.0,0.0,1.0,0.0,0.0,0.0,0.0,0.0,0.0,0.0,0.0,0.0,0.0,0.0,0.0,0,0,0,0,0,0,0,0,0,0,0,1.0,0,0,0,0,0,0,0,0,0,0,0,0,0,0,0,0,1.0,0,0,0,0,0,0,0,0,0,0,0,0,0,0,0,0,0.707,0,0,0,0,0,1.0,1.0,0.707,0,0,1.0,1.0,0.707,0,0,0,0,0,0,0,0,0,0,0,0,0,1,0,0,0,0,0,0,0,0,0,0,0,0,0,0,0,0,1,0,0,0,0,0,0.0,0.0,0.0,0.0,0.0,0.0,0.0,0.0,0.0,0.0,0.0,1.0,0.0,0.0,0.0,0.0,0.0,0.0,0.0,0.0,0.0,0.0,0.0,0.0,0.0,0.0,0.0,0.0,1.0,0.0,0.0,0.0,0.0,0.0,-47.98,20.2,40.4,0.0,-4.24,12.04,0.003,0.004,0.006
2,0,0,6,1,1,2,1,13,2.0,13.0,6.5,6.0,3.0,0.0,0.0,0,0,8.545,0.0,0.0,0.0,0.0,4.272,8.545,1,0,0,0,0,0,1,0,0,0,0,0,0,0,0,0,0,0,0,0.5,0.0,0.0,0.0,0.0,0.0,0.5,0.0,0.0,0.0,0.0,0.0,0.0,0.0,0.0,0.0,0.0,0.0,0.0,1.0,0.0,0.0,0.0,0.0,0.0,1.0,0.0,0.0,0.0,0.0,0.0,0.0,0.0,0.0,0.0,0.0,0.0,0.0,0,0,0,0,0,0,0,0,0,0,0,1.0,0,0,0,0,0,0,0,0,0,0,0,0,0,0,0,0,1.414,0,0,0,0,0,0,0,0,0,0,0,0,0,0,0,0,1.0,0,0,0,0,0,1.0,1.414,1.0,1.0,0,1.0,1.414,1.0,1.0,0,0,0,0,0,0,0,0,0,0,0,0,2,0,0,0,0,0,0,0,0,0,0,0,0,0,0,0,0,2,0,0,0,0,0,0.0,0.0,0.0,0.0,0.0,0.0,0.0,0.0,0.0,0.0,0.0,1.0,0.0,0.0,0.0,0.0,0.0,0.0,0.0,0.0,0.0,0.0,0.0,0.0,0.0,0.0,0.0,0.0,2.0,0.0,0.0,0.0,0.0,0.0,-48.995,20.59,20.8,5.713,7.62,10.185,0.007,0.008,0.011
1,0,0,4,1,1,1,1,10,1.0,10.0,10.0,4.0,4.0,0.0,0.0,0,0,4.587,0.0,0.0,0.0,0.0,4.587,4.587,1,0,0,0,0,1,0,0,0,0,0,0,0,0,0,0,0,0,0,1.0,0.0,0.0,0.0,0.0,1.0,0.0,0.0,0.0,0.0,0.0,0.0,0.0,0.0,0.0,0.0,0.0,0.0,0.0,1.0,0.0,0.0,0.0,0.0,1.0,0.0,0.0,0.0,0.0,0.0,0.0,0.0,0.0,0.0,0.0,0.0,0.0,0.0,0,0,0,0,0,0,0,0,0,0,0,1.0,0,0,0,0,0,0,0,0,0,0,0,0,0,0,0,0,1.0,0,0,0,0,0,0,0,0,0,0,0,0,0,0,0,0,0.707,0,0,0,0,0,1.0,1.0,0.707,0,0,1.0,1.0,0.707,0,0,0,0,0,0,0,0,0,0,0,0,0,1,0,0,0,0,0,0,0,0,0,0,0,0,0,0,0,0,1,0,0,0,0,0,0.0,0.0,0.0,0.0,0.0,0.0,0.0,0.0,0.0,0.0,0.0,1.0,0.0,0.0,0.0,0.0,0.0,0.0,0.0,0.0,0.0,0.0,0.0,0.0,0.0,0.0,0.0,0.0,1.0,0.0,0.0,0.0,0.0,0.0,-132.58,32.0,40.4,5.713,13.4,26.17,0.003,0.004,0.006
2,0,0,4,1,0,2,1,10,2.0,10.0,5.0,4.0,2.0,0.0,0.0,0,0,4.483,0.0,0.0,0.0,0.0,2.241,4.483,1,0,0,0,0,1,0,0,0,0,0,0,0,0,0,0,0,0,0,0.5,0.0,0.0,0.0,0.0,0.5,0.0,0.0,0.0,0.0,0.0,0.0,0.0,0.0,0.0,0.0,0.0,0.0,0.0,1.0,0.0,0.0,0.0,0.0,1.0,0.0,0.0,0.0,0.0,0.0,0.0,0.0,0.0,0.0,0.0,0.0,0.0,0.0,0,0,0,0,0,0,0,0,0,0,0,1.0,0,0,0,0,0,0,0,0,0,0,0,0,0,0,0,0,1.414,0,0,0,0,0,0,0,0,0,0,0,0,0,0,0,0,1.0,0,0,0,0,0,1.0,1.414,1.0,1.0,0,1.0,1.414,1.0,1.0,0,0,0,0,0,0,0,0,0,0,0,0,2,0,0,0,0,0,0,0,0,0,0,0,0,0,0,0,0,2,0,0,0,0,0,0.0,0.0,0.0,0.0,0.0,0.0,0.0,0.0,0.0,0.0,0.0,1.0,0.0,0.0,0.0,0.0,0.0,0.0,0.0,0.0,0.0,0.0,0.0,0.0,0.0,0.0,0.0,0.0,2.0,0.0,0.0,0.0,0.0,0.0,35.605,8.79,20.8,0.0,-1.2,3.12,0.007,0.008,0.011
1,0,0,3,1,0,1,1,9,1.0,9.0,9.0,3.0,3.0,0.0,0.0,0,0,4.447,0.0,0.0,0.0,0.0,4.447,4.447,1,0,0,0,0,1,0,0,0,0,0,0,0,0,0,0,0,0,0,1.0,0.0,0.0,0.0,0.0,1.0,0.0,0.0,0.0,0.0,0.0,0.0,0.0,0.0,0.0,0.0,0.0,0.0,0.0,1.0,0.0,0.0,0.0,0.0,1.0,0.0,0.0,0.0,0.0,0.0,0.0,0.0,0.0,0.0,0.0,0.0,0.0,0.0,0,0,0,0,0,0,0,1.0,0,0,0,0,0,0,0,0,0,0,0,0,0,0,0,0,1.0,0,0,0,0,0,0,0,0,0,0,0,0,0,0,0,0,0.707,0,0,0,0,0,0,0,0,0,1.0,1.0,0.707,0,0,1.0,1.0,0.707,0,0,0,0,0,0,0,0,0,1,0,0,0,0,0,0,0,0,0,0,0,0,0,0,0,0,1,0,0,0,0,0,0,0,0,0,0.0,0.0,0.0,0.0,0.0,0.0,0.0,1.0,0.0,0.0,0.0,0.0,0.0,0.0,0.0,0.0,0.0,0.0,0.0,0.0,0.0,0.0,0.0,0.0,1.0,0.0,0.0,0.0,0.0,0.0,0.0,0.0,0.0,0.0,-47.98,20.2,40.4,0.0,7.52,21.46,0.003,0.004,0.006
1,0,0,3,1,0,1,1,10,1.0,10.0,10.0,3.0,3.0,0.0,0.0,6.94,4.0,3.226,6.94,4.0,6.94,4.0,3.226,3.226,0,0,0,0,0,0,0,0,0,0,0,0,0,0,0,0,0,0,0,0.0,0.0,0.0,0.0,0.0,0.0,0.0,0.0,0.0,0.0,0.0,0.0,0.0,0.0,0.0,0.0,0.0,0.0,0.0,0.0,0.0,0.0,0.0,0.0,0.0,0.0,0.0,0.0,0.0,0.0,0.0,0.0,0.0,0.0,0.0,0.0,0.0,0.0,1.0,0,0,0,0,0,0,0,0,0,0,0,0,0,0,0,0,1.0,0,0,0,0,0,0,0,0,0,0,0,0,0,0,0,0,0.707,0,0,0,0,0,0,0,0,0,0,0,0,0,0,0,0,1.0,1.0,0.707,0,0,1.0,1.0,0.707,0,0,1,0,0,0,0,0,0,0,0,0,0,0,0,0,0,0,0,1,0,0,0,0,0,0,0,0,0,0,0,0,0,0,0,0,1.0,0.0,0.0,0.0,0.0,0.0,0.0,0.0,0.0,0.0,0.0,0.0,0.0,0.0,0.0,0.0,0.0,1.0,0.0,0.0,0.0,0.0,0.0,0.0,0.0,0.0,0.0,0.0,0.0,0.0,0.0,0.0,0.0,0.0,-47.98,20.2,40.4,0.0,13.4,26.17,0.003,0.004,0.006
2,0,0,2,0,0,2,1,11,2.0,11.0,5.5,2.0,1.0,0.0,0.0,0,0,7.983,0.0,0.0,0.0,0.0,3.991,7.983,1,0,0,0,0,1,0,0,0,0,0,0,0,0,0,0,0,0,0,0.5,0.0,0.0,0.0,0.0,0.5,0.0,0.0,0.0,0.0,0.0,0.0,0.0,0.0,0.0,0.0,0.0,0.0,0.0,1.0,0.0,0.0,0.0,0.0,1.0,0.0,0.0,0.0,0.0,0.0,0.0,0.0,0.0,0.0,0.0,0.0,0.0,0.0,0,0,0,0,0,0,0,0,0,0,0,1.0,0,0,0,0,0,0,0,0,0,0,0,0,0,0,0,0,1.414,0,0,0,0,0,0,0,0,0,0,0,0,0,0,0,0,1.0,0,0,0,0,0,1.0,1.414,1.0,1.0,0,1.0,1.414,1.0,1.0,0,0,0,0,0,0,0,0,0,0,0,0,2,0,0,0,0,0,0,0,0,0,0,0,0,0,0,0,0,2,0,0,0,0,0,0.0,0.0,0.0,0.0,0.0,0.0,0.0,0.0,0.0,0.0,0.0,1.0,0.0,0.0,0.0,0.0,0.0,0.0,0.0,0.0,0.0,0.0,0.0,0.0,0.0,0.0,0.0,0.0,2.0,0.0,0.0,0.0,0.0,0.0,120.205,-3.01,0.8,0.0,1.74,5.475,0.007,0.008,0.011
6,0,2,1,0,0,6,1,11,6.0,11.0,1.833,1.0,0.167,0.0,0.0,0,0,0,0.0,0.0,0.0,0.0,0.0,0.0,3,0,0,0,0,0,0,0,0,0,0,0,0,0,0,0,0,0,3,0.5,0.0,0.0,0.0,0.0,0.0,0.0,0.0,0.0,0.0,0.0,0.0,0.0,0.0,0.0,0.0,0.0,0.0,0.5,3.0,0.0,0.0,0.0,0.0,0.0,0.0,0.0,0.0,0.0,0.0,0.0,0.0,0.0,0.0,0.0,0.0,0.0,3.0,0,0,0,0,0,0,0,0,1.0,0,0,0,1.0,0,0,0,0,0,0,0,0,0,0,0,0,2.0,0,0,0,1.414,0,0,0,0,0,0,0,0,0,0,0,0,1.414,0,0,0,1.0,0,0,0,0,1.0,2.449,1.732,1.0,0,1.0,2.449,1.732,1.0,0,0,0,0,0,0,0,0,0,4,0,0,0,2,0,0,0,0,0,0,0,0,0,0,0,0,4,0,0,0,2,0,0,0,0,0.0,0.0,0.0,0.0,0.0,0.0,0.0,0.0,0.667,0.0,0.0,0.0,0.333,0.0,0.0,0.0,0.0,0.0,0.0,0.0,0.0,0.0,0.0,0.0,0.0,4.0,0.0,0.0,0.0,2.0,0.0,0.0,0.0,0.0,186.645,-11.283,2.4,0.0,-9.953,-9.795,0.02,0.025,0.034
1,0,0,3,1,0,1,1,6,1.0,6.0,6.0,3.0,3.0,0.0,0.0,0,0,4.491,0.0,0.0,0.0,0.0,4.491,4.491,1,0,0,0,0,1,0,0,0,0,0,0,0,0,0,0,0,0,0,1.0,0.0,0.0,0.0,0.0,1.0,0.0,0.0,0.0,0.0,0.0,0.0,0.0,0.0,0.0,0.0,0.0,0.0,0.0,1.0,0.0,0.0,0.0,0.0,1.0,0.0,0.0,0.0,0.0,0.0,0.0,0.0,0.0,0.0,0.0,0.0,0.0,0.0,0,0,0,0,0,0,0,0,0,0,0,1.0,0,0,0,0,0,0,0,0,0,0,0,0,0,0,0,0,1.0,0,0,0,0,0,0,0,0,0,0,0,0,0,0,0,0,0.707,0,0,0,0,0,1.0,1.0,0.707,0,0,1.0,1.0,0.707,0,0,0,0,0,0,0,0,0,0,0,0,0,1,0,0,0,0,0,0,0,0,0,0,0,0,0,0,0,0,1,0,0,0,0,0,0.0,0.0,0.0,0.0,0.0,0.0,0.0,0.0,0.0,0.0,0.0,1.0,0.0,0.0,0.0,0.0,0.0,0.0,0.0,0.0,0.0,0.0,0.0,0.0,0.0,0.0,0.0,0.0,1.0,0.0,0.0,0.0,0.0,0.0,-47.98,20.2,40.4,0.0,-10.12,7.33,0.003,0.004,0.006
2,0,0,6,1,1,2,1,16,2.0,16.0,8.0,6.0,3.0,0.0,0.0,15.21,12.0,5.582,7.605,6.0,15.21,12.0,2.791,5.582,0,0,0,0,0,0,0,0,0,0,0,0,0,0,0,0,0,0,0,0.0,0.0,0.0,0.0,0.0,0.0,0.0,0.0,0.0,0.0,0.0,0.0,0.0,0.0,0.0,0.0,0.0,0.0,0.0,0.0,0.0,0.0,0.0,0.0,0.0,0.0,0.0,0.0,0.0,0.0,0.0,0.0,0.0,0.0,0.0,0.0,0.0,0.0,1.0,0,0,0,0,0,0,1.0,0,0,0,0,0,0,0,0,0,1.0,0,0,0,0,0,0,1.0,0,0,0,0,0,0,0,0,0,0.707,0,0,0,0,0,0,0.707,0,0,0,0,0,0,0,0,0,1.0,1.414,1.0,1.0,0,1.0,1.414,1.0,1.0,0,1,0,0,0,0,0,0,1,0,0,0,0,0,0,0,0,0,1,0,0,0,0,0,0,1,0,0,0,0,0,0,0,0,0,0.5,0.0,0.0,0.0,0.0,0.0,0.0,0.5,0.0,0.0,0.0,0.0,0.0,0.0,0.0,0.0,0.0,1.0,0.0,0.0,0.0,0.0,0.0,0.0,1.0,0.0,0.0,0.0,0.0,0.0,0.0,0.0,0.0,0.0,-48.995,20.59,20.8,5.713,16.44,17.25,0.007,0.008,0.011
3,0,0,6,1,0,3,1,15,3.0,15.0,5.0,6.0,2.0,0.0,0.0,0,0,9.825,0.0,0.0,0.0,0.0,3.275,9.825,1,0,0,0,1,0,0,0,0,0,0,0,0,0,0,0,0,0,0,0.333,0.0,0.0,0.0,0.333,0.0,0.0,0.0,0.0,0.0,0.0,0.0,0.0,0.0,0.0,0.0,0.0,0.0,0.0,1.0,0.0,0.0,0.0,1.0,0.0,0.0,0.0,0.0,0.0,0.0,0.0,0.0,0.0,0.0,0.0,0.0,0.0,0.0,0,0,0,0,0,0,0,0,0,0,0,1.0,0,0,0,0,0,0,0,0,0,0,0,0,0,0,0,0,1.732,0,0,0,0,0,0,0,0,0,0,0,0,0,0,0,0,1.225,0,0,0,0,0,1.0,1.732,1.225,1.0,0,1.0,1.732,1.225,1.0,0,0,0,0,0,0,0,0,0,0,0,0,3,0,0,0,0,0,0,0,0,0,0,0,0,0,0,0,0,3,0,0,0,0,0,0.0,0.0,0.0,0.0,0.0,0.0,0.0,0.0,0.0,0.0,0.0,1.0,0.0,0.0,0.0,0.0,0.0,0.0,0.0,0.0,0.0,0.0,0.0,0.0,0.0,0.0,0.0,0.0,3.0,0.0,0.0,0.0,0.0,0.0,34.59,9.18,14.533,0.0,3.733,3.62,0.01,0.013,0.017
3,0,0,6,1,0,3,1,21,3.0,21.0,7.0,6.0,2.0,0.0,0.0,26.42,13.0,10.285,8.807,4.333,26.42,13.0,3.428,10.285,0,0,0,0,0,0,0,0,0,0,0,0,0,0,0,0,0,0,0,0.0,0.0,0.0,0.0,0.0,0.0,0.0,0.0,0.0,0.0,0.0,0.0,0.0,0.0,0.0,0.0,0.0,0.0,0.0,0.0,0.0,0.0,0.0,0.0,0.0,0.0,0.0,0.0,0.0,0.0,0.0,0.0,0.0,0.0,0.0,0.0,0.0,0.0,1.0,0,0,0,0,0,0,1.0,0,0,0,0,0,0,0,0,0,1.0,0,0,0,0,0,0,1.414,0,0,0,0,0,0,0,0,0,0.707,0,0,0,0,0,0,1.0,0,0,0,0,0,0,0,0,0,1.0,1.732,1.225,1.0,0,1.0,1.732,1.225,1.0,0,1,0,0,0,0,0,0,2,0,0,0,0,0,0,0,0,0,1,0,0,0,0,0,0,2,0,0,0,0,0,0,0,0,0,0.333,0.0,0.0,0.0,0.0,0.0,0.0,0.667,0.0,0.0,0.0,0.0,0.0,0.0,0.0,0.0,0.0,1.0,0.0,0.0,0.0,0.0,0.0,0.0,2.0,0.0,0.0,0.0,0.0,0.0,0.0,0.0,0.0,0.0,34.59,9.18,14.533,0.0,15.493,13.04,0.01,0.013,0.017
1,1,0,1,0,0,1,1,5,1.0,5.0,5.0,1.0,1.0,1.0,1.0,4.58,4.0,4.872,4.58,4.0,4.58,4.0,4.872,4.872,1,0,0,0,0,0,0,0,0,0,0,0,0,0,0,0,0,1,0,1.0,0.0,0.0,0.0,0.0,0.0,0.0,0.0,0.0,0.0,0.0,0.0,0.0,0.0,0.0,0.0,0.0,1.0,0.0,1.0,0.0,0.0,0.0,0.0,0.0,0.0,0.0,0.0,0.0,0.0,0.0,0.0,0.0,0.0,0.0,0.0,1.0,0.0,1.0,0,0,0,0,0,0,0,0,0,0,0,0,0,0,0,0,1.0,0,0,0,0,0,0,0,0,0,0,0,0,0,0,0,0,0.707,0,0,0,0,0,0,0,0,0,0,0,0,0,0,0,0,1.0,1.0,0.707,0,0,1.0,1.0,0.707,0,0,1,0,0,0,0,0,0,0,0,0,0,0,0,0,0,0,0,1,0,0,0,0,0,0,0,0,0,0,0,0,0,0,0,0,1.0,0.0,0.0,0.0,0.0,0.0,0.0,0.0,0.0,0.0,0.0,0.0,0.0,0.0,0.0,0.0,0.0,1.0,0.0,0.0,0.0,0.0,0.0,0.0,0.0,0.0,0.0,0.0,0.0,0.0,0.0,0.0,0.0,0.0,121.22,-3.4,0.4,0.0,-16.0,2.62,0.003,0.004,0.006
2,0,0,4,1,0,2,1,13,2.0,13.0,6.5,4.0,2.0,0.0,0.0,0,0,4.709,0.0,0.0,0.0,0.0,2.354,4.709,1,0,0,1,0,0,0,0,0,0,0,0,0,0,0,0,0,0,0,0.5,0.0,0.0,0.5,0.0,0.0,0.0,0.0,0.0,0.0,0.0,0.0,0.0,0.0,0.0,0.0,0.0,0.0,0.0,1.0,0.0,0.0,1.0,0.0,0.0,0.0,0.0,0.0,0.0,0.0,0.0,0.0,0.0,0.0,0.0,0.0,0.0,0.0,0,0,0,0,0,0,0,0,0,0,0,1.0,0,0,0,0,0,0,0,0,0,0,0,0,0,0,0,0,1.414,0,0,0,0,0,0,0,0,0,0,0,0,0,0,0,0,1.0,0,0,0,0,0,1.0,1.414,1.0,1.0,0,1.0,1.414,1.0,1.0,0,0,0,0,0,0,0,0,0,0,0,0,2,0,0,0,0,0,0,0,0,0,0,0,0,0,0,0,0,2,0,0,0,0,0,0.0,0.0,0.0,0.0,0.0,0.0,0.0,0.0,0.0,0.0,0.0,1.0,0.0,0.0,0.0,0.0,0.0,0.0,0.0,0.0,0.0,0.0,0.0,0.0,0.0,0.0,0.0,0.0,2.0,0.0,0.0,0.0,0.0,0.0,35.605,8.79,20.8,0.0,7.62,10.185,0.007,0.008,0.011
1,0,0,5,1,1,1,1,13,1.0,13.0,13.0,5.0,5.0,0.0,0.0,0,0,3.378,0.0,0.0,0.0,0.0,3.378,3.378,1,0,0,0,0,0,1,0,0,0,0,0,0,0,0,0,0,0,0,1.0,0.0,0.0,0.0,0.0,0.0,1.0,0.0,0.0,0.0,0.0,0.0,0.0,0.0,0.0,0.0,0.0,0.0,0.0,1.0,0.0,0.0,0.0,0.0,0.0,1.0,0.0,0.0,0.0,0.0,0.0,0.0,0.0,0.0,0.0,0.0,0.0,0.0,0,0,0,0,0,0,0,0,0,0,0,1.0,0,0,0,0,0,0,0,0,0,0,0,0,0,0,0,0,1.0,0,0,0,0,0,0,0,0,0,0,0,0,0,0,0,0,0.707,0,0,0,0,0,1.0,1.0,0.707,0,0,1.0,1.0,0.707,0,0,0,0,0,0,0,0,0,0,0,0,0,1,0,0,0,0,0,0,0,0,0,0,0,0,0,0,0,0,1,0,0,0,0,0,0.0,0.0,0.0,0.0,0.0,0.0,0.0,0.0,0.0,0.0,0.0,1.0,0.0,0.0,0.0,0.0,0.0,0.0,0.0,0.0,0.0,0.0,0.0,0.0,0.0,0.0,0.0,0.0,1.0,0.0,0.0,0.0,0.0,0.0,-217.18,43.8,40.4,5.713,31.04,40.3,0.003,0.004,0.006
1,0,0,2,0,0,1,1,6,1.0,6.0,6.0,2.0,2.0,0.0,0.0,8.94,7.0,2.915,8.94,7.0,8.94,7.0,2.915,2.915,0,0,0,0,0,0,0,0,0,0,0,0,0,0,0,0,0,0,0,0.0,0.0,0.0,0.0,0.0,0.0,0.0,0.0,0.0,0.0,0.0,0.0,0.0,0.0,0.0,0.0,0.0,0.0,0.0,0.0,0.0,0.0,0.0,0.0,0.0,0.0,0.0,0.0,0.0,0.0,0.0,0.0,0.0,0.0,0.0,0.0,0.0,0.0,0,0,0,0,0,0,0,0,0,0,0,0,0,0,0,1.0,0,0,0,0,0,0,0,0,0,0,0,0,0,0,0,0,1.0,0,0,0,0,0,0,0,0,0,0,0,0,0,0,0,0,0.707,0,1.0,1.0,0.707,0,0,1.0,1.0,0.707,0,0,0,0,0,0,0,0,0,0,0,0,0,0,0,0,0,1,0,0,0,0,0,0,0,0,0,0,0,0,0,0,0,0,1,0,0.0,0.0,0.0,0.0,0.0,0.0,0.0,0.0,0.0,0.0,0.0,0.0,0.0,0.0,0.0,1.0,0.0,0.0,0.0,0.0,0.0,0.0,0.0,0.0,0.0,0.0,0.0,0.0,0.0,0.0,0.0,0.0,1.0,0.0,36.62,8.4,0.4,0.0,-10.12,7.33,0.003,0.004,0.006
1,0,0,1,0,0,1,1,6,1.0,6.0,6.0,1.0,1.0,0.0,0.0,0,0,0,0.0,0.0,0.0,0.0,0.0,0.0,1,0,0,0,0,0,0,0,0,0,0,0,0,0,0,0,0,0,1,1.0,0.0,0.0,0.0,0.0,0.0,0.0,0.0,0.0,0.0,0.0,0.0,0.0,0.0,0.0,0.0,0.0,0.0,1.0,1.0,0.0,0.0,0.0,0.0,0.0,0.0,0.0,0.0,0.0,0.0,0.0,0.0,0.0,0.0,0.0,0.0,0.0,1.0,0,0,0,0,0,0,0,0,1.0,0,0,0,0,0,0,0,0,0,0,0,0,0,0,0,0,1.0,0,0,0,0,0,0,0,0,0,0,0,0,0,0,0,0,0.707,0,0,0,0,0,0,0,0,1.0,1.0,0.707,0,0,1.0,1.0,0.707,0,0,0,0,0,0,0,0,0,0,1,0,0,0,0,0,0,0,0,0,0,0,0,0,0,0,0,1,0,0,0,0,0,0,0,0,0.0,0.0,0.0,0.0,0.0,0.0,0.0,0.0,1.0,0.0,0.0,0.0,0.0,0.0,0.0,0.0,0.0,0.0,0.0,0.0,0.0,0.0,0.0,0.0,0.0,1.0,0.0,0.0,0.0,0.0,0.0,0.0,0.0,0.0,121.22,-3.4,0.4,0.0,-10.12,7.33,0.003,0.004,0.006
2,0,0,3,0,0,2,1,10,2.0,10.0,5.0,3.0,1.5,0.0,0.0,0,0,4.697,0.0,0.0,0.0,0.0,2.349,4.697,1,0,0,0,0,0,1,0,0,0,0,0,0,0,0,0,0,0,0,0.5,0.0,0.0,0.0,0.0,0.0,0.5,0.0,0.0,0.0,0.0,0.0,0.0,0.0,0.0,0.0,0.0,0.0,0.0,1.0,0.0,0.0,0.0,0.0,0.0,1.0,0.0,0.0,0.0,0.0,0.0,0.0,0.0,0.0,0.0,0.0,0.0,0.0,0,0,0,0,0,0,0,0,0,0,0,1.0,0,0,0,0,0,0,0,0,0,0,0,0,0,0,0,0,1.414,0,0,0,0,0,0,0,0,0,0,0,0,0,0,0,0,1.0,0,0,0,0,0,1.0,1.414,1.0,1.0,0,1.0,1.414,1.0,1.0,0,0,0,0,0,0,0,0,0,0,0,0,2,0,0,0,0,0,0,0,0,0,0,0,0,0,0,0,0,2,0,0,0,0,0,0.0,0.0,0.0,0.0,0.0,0.0,0.0,0.0,0.0,0.0,0.0,1.0,0.0,0.0,0.0,0.0,0.0,0.0,0.0,0.0,0.0,0.0,0.0,0.0,0.0,0.0,0.0,0.0,2.0,0.0,0.0,0.0,0.0,0.0,77.905,2.89,0.8,0.0,-1.2,3.12,0.007,0.008,0.011
1,0,0,6,1,1,1,1,12,1.0,12.0,12.0,6.0,6.0,0.0,0.0,0,0,2.783,0.0,0.0,0.0,0.0,2.783,2.783,0,0,0,0,0,0,0,0,0,0,0,0,0,0,0,0,0,0,0,0.0,0.0,0.0,0.0,0.0,0.0,0.0,0.0,0.0,0.0,0.0,0.0,0.0,0.0,0.0,0.0,0.0,0.0,0.0,0.0,0.0,0.0,0.0,0.0,0.0,0.0,0.0,0.0,0.0,0.0,0.0,0.0,0.0,0.0,0.0,0.0,0.0,0.0,0,0,1.0,0,0,0,0,0,0,0,0,0,0,0,0,0,0,0,0,1.0,0,0,0,0,0,0,0,0,0,0,0,0,0,0,0,0,0.707,0,0,0,0,0,0,0,0,0,0,0,0,0,0,1.0,1.0,0.707,0,0,1.0,1.0,0.707,0,0,0,0,1,0,0,0,0,0,0,0,0,0,0,0,0,0,0,0,0,1,0,0,0,0,0,0,0,0,0,0,0,0,0,0,0.0,0.0,1.0,0.0,0.0,0.0,0.0,0.0,0.0,0.0,0.0,0.0,0.0,0.0,0.0,0.0,0.0,0.0,0.0,1.0,0.0,0.0,0.0,0.0,0.0,0.0,0.0,0.0,0.0,0.0,0.0,0.0,0.0,0.0,-301.78,55.6,40.4,5.713,25.16,35.59,0.003,0.004,0.006
1,0,0,1,0,0,1,1,4,1.0,4.0,4.0,1.0,1.0,0.0,0.0,0,0,0,0.0,0.0,0.0,0.0,0.0,0.0,1,0,0,0,0,0,0,0,0,0,0,0,1,0,0,0,0,0,0,1.0,0.0,0.0,0.0,0.0,0.0,0.0,0.0,0.0,0.0,0.0,0.0,1.0,0.0,0.0,0.0,0.0,0.0,0.0,1.0,0.0,0.0,0.0,0.0,0.0,0.0,0.0,0.0,0.0,0.0,0.0,1.0,0.0,0.0,0.0,0.0,0.0,0.0,0,0,0,0,0,0,0,0,1.0,0,0,0,0,0,0,0,0,0,0,0,0,0,0,0,0,1.0,0,0,0,0,0,0,0,0,0,0,0,0,0,0,0,0,0.707,0,0,0,0,0,0,0,0,1.0,1.0,0.707,0,0,1.0,1.0,0.707,0,0,0,0,0,0,0,0,0,0,1,0,0,0,0,0,0,0,0,0,0,0,0,0,0,0,0,1,0,0,0,0,0,0,0,0,0.0,0.0,0.0,0.0,0.0,0.0,0.0,0.0,1.0,0.0,0.0,0.0,0.0,0.0,0.0,0.0,0.0,0.0,0.0,0.0,0.0,0.0,0.0,0.0,0.0,1.0,0.0,0.0,0.0,0.0,0.0,0.0,0.0,0.0,121.22,-3.4,0.4,0.0,-21.88,-2.09,0.003,0.004,0.006
3,0,0,11,2,2,3,1,28,3.0,28.0,9.333,11.0,3.667,0.0,0.0,0,0,10.094,0.0,0.0,0.0,0.0,3.365,10.094,0,0,0,0,0,0,0,0,0,0,0,0,0,0,0,0,0,0,0,0.0,0.0,0.0,0.0,0.0,0.0,0.0,0.0,0.0,0.0,0.0,0.0,0.0,0.0,0.0,0.0,0.0,0.0,0.0,0.0,0.0,0.0,0.0,0.0,0.0,0.0,0.0,0.0,0.0,0.0,0.0,0.0,0.0,0.0,0.0,0.0,0.0,0.0,0,0,0,0,0,0,0,0,0,0,0,1.0,0,0,0,0,0,0,0,0,0,0,0,0,0,0,0,0,1.732,0,0,0,0,0,0,0,0,0,0,0,0,0,0,0,0,1.225,0,0,0,0,0,1.0,1.732,1.225,1.0,0,1.0,1.732,1.225,1.0,0,0,0,0,0,0,0,0,0,0,0,0,3,0,0,0,0,0,0,0,0,0,0,0,0,0,0,0,0,3,0,0,0,0,0,0.0,0.0,0.0,0.0,0.0,0.0,0.0,0.0,0.0,0.0,0.0,1.0,0.0,0.0,0.0,0.0,0.0,0.0,0.0,0.0,0.0,0.0,0.0,0.0,0.0,0.0,0.0,0.0,3.0,0.0,0.0,0.0,0.0,0.0,-106.41,28.847,27.867,8.079,29.213,24.03,0.01,0.013,0.017
2,0,0,4,1,0,2,1,10,2.0,10.0,5.0,4.0,2.0,0.0,0.0,0,0,4.483,0.0,0.0,0.0,0.0,2.241,4.483,1,0,0,0,0,1,0,0,0,0,0,0,0,0,0,0,0,0,0,0.5,0.0,0.0,0.0,0.0,0.5,0.0,0.0,0.0,0.0,0.0,0.0,0.0,0.0,0.0,0.0,0.0,0.0,0.0,1.0,0.0,0.0,0.0,0.0,1.0,0.0,0.0,0.0,0.0,0.0,0.0,0.0,0.0,0.0,0.0,0.0,0.0,0.0,0,0,0,0,0,0,0,0,0,0,0,1.0,0,0,0,0,0,0,0,0,0,0,0,0,0,0,0,0,1.414,0,0,0,0,0,0,0,0,0,0,0,0,0,0,0,0,1.0,0,0,0,0,0,1.0,1.414,1.0,1.0,0,1.0,1.414,1.0,1.0,0,0,0,0,0,0,0,0,0,0,0,0,2,0,0,0,0,0,0,0,0,0,0,0,0,0,0,0,0,2,0,0,0,0,0,0.0,0.0,0.0,0.0,0.0,0.0,0.0,0.0,0.0,0.0,0.0,1.0,0.0,0.0,0.0,0.0,0.0,0.0,0.0,0.0,0.0,0.0,0.0,0.0,0.0,0.0,0.0,0.0,2.0,0.0,0.0,0.0,0.0,0.0,35.605,8.79,20.8,0.0,-1.2,3.12,0.007,0.008,0.011
